Subject,Topic,SubTopic,Question,Answer,Done,ReviewLater,Duplicate,NotImportant,Starred,Failed,Visited,Difficulty,Order,SubjectOrder,TopicOrder,SubTopicOrder,SrsDue,SrsStreak,DoneCount,DoneHistory,FailedCount,FailedHistory,ReviewLaterCount,ReviewLaterHistory,Tags,Links,UpdatedAt
OOP,General,General,What is OOP and why it matters,<ul><li><li><strong>What it is:</strong> A programming paradigm represents real-world entities as classes and objects.</li><li><strong>Why we need it:</strong><ul><li><strong>Reusability:</strong> Write code once and use it again with inheritance.</li><li><strong>Maintenance:</strong> Fix bugs fast because code is split into small pieces.</li><li><strong>Security:</strong> Hide data using encapsulation so it stays safe.</li><li><strong>Scalability:</strong> Grow big software easily without breaking old code.</li></ul></li></li></ul>,false,true,false,false,false,false,false,,0,1,0,0,2026-08-21,0,0,,0,,1,"[{""ts"":1787282780488}]",,,1787282780488
OOP,General,General,Characteristics of an OOP,<ul><li> Core Building Blocks <ul><li>Class</li><li>Object</li></ul></li><li> The Four Main Principles <ul><li>Encapsulation</li><li>Inheritance</li><li>Polymorphism</li><li>Abstraction</li></ul></li><li> Supporting Characteristics <ul><li>Message Passing</li><li>Dynamic Binding</li><li>Aggregation and Composition</li></ul></li></ul>,false,true,false,false,false,false,false,,1,1,0,0,2026-08-18,0,0,,0,,1,"[{""ts"":1787282780488}]",,,1787282780488
OOP,Pillars Of OOP,4 Pillars Of OOP,Explain with examples,<ul><li>Encapsulation</li><li>Inheritance</li><li>Polymorphism</li><li>Abstraction</li></ul>,true,false,false,false,false,false,false,,0,1,0,1,2026-08-18,1,1,"[{""ts"":1787282780488}]",0,,0,,,,1787282780488
OOP,Pillars Of OOP,Encapsulation,Definition,"<ul><li>We cant access variable/method inside class directly. its possible only with object this is called encapsulation</li><li><strong>Restricted Access:</strong> Class variables and methods cannot be accessed directly—they require an object instance to be used.</li><li><strong>State Control:</strong> Prevents objects from being created or modified into invalid states by enforcing strict input validation.</li><li><strong>Enhanced Security:</strong> Keeps internal logic hidden using private access modifiers to prevent unauthorized modifications.</li><li><strong>Thread Safety &amp; Immutability:</strong> Makes objects easier to keep immutable, which naturally prevents data corruption during multithreading.</li></ul>",true,false,false,false,false,false,false,,0,1,0,2,2026-08-18,1,1,"[{""ts"":1787282780488}]",0,,0,,,,1787282780488
OOP,Pillars Of OOP,Encapsulation,How is it achieved,,true,false,false,false,false,false,false,,0,1,0,2,2026-08-18,1,1,"[{""ts"":1787282780488}]",0,,0,,,,1787282780488
OOP,Pillars Of OOP,Encapsulation,What are all the benefits,,false,true,false,false,false,false,false,,0,1,0,2,2026-08-18,0,0,,0,,1,"[{""ts"":1787282780488}]",,,1787282780488
OOP,Pillars Of OOP,Encapsulation,Explain State Control by encapsulation using one example,,true,false,false,false,false,false,false,,0,1,0,2,2026-08-18,1,1,"[{""ts"":1787282780488}]",0,,0,,,,1787282780488
OOP,Pillars Of OOP,Encapsulation,Access modifiers,"<ul><li>Access modifiers as the keywords that control class, method, and variable visibility.</li><li><strong>Key Types and Scope</strong><ul><li><strong>Public:</strong> Accessible from anywhere in the project</li><li><strong>Protected:</strong> Accessible within the same package and by subclasses in other packages.</li><li><strong>Default:</strong> Accessible only within its own package.</li><li><strong>Private:</strong> Accessible only inside the declaring class</li></ul></li><li><strong>Mention Encapsulation:</strong> Say that access modifiers are the core tool for data hiding and encapsulation in OOP</li></ul>",true,false,false,false,false,false,false,,0,1,0,2,2026-08-18,1,1,"[{""ts"":1787282780488}]",0,,0,,,,1787282780488
OOP,Pillars Of OOP,Abstraction,Definition,<ul><li>Abstraction in is the core practice of hiding complex internal code and showing only the essential features to the user.</li><li>provides contract for the class implementing the method</li><li>Acheived thrugh interface (fully) & abstract classes (partially)</li><li>Focus on what is can do over how it is done</li></ul>,true,false,false,false,false,false,false,,0,1,0,3,2026-08-18,1,1,"[{""ts"":1787282780488}]",0,,0,,,,1787282780488
OOP,Pillars Of OOP,Abstraction,How is it achieved,,true,false,false,false,false,false,false,,0,1,0,3,2026-08-18,1,1,"[{""ts"":1787282780488}]",0,,0,,,,1787282780488
OOP,Pillars Of OOP,Abstraction,Abstract class vs methods,"<ul><li>Just declared, cant instanciate, sub class can define or override</li></ul><ul><li><strong>Abstract Class</strong><ul><li><strong>Purpose:</strong> Serves as a partial blueprint.</li><li><strong>Capabilities:</strong> Can hold fields (state), concrete methods, and constructors.</li><li><strong>Inheritance:</strong> Subclasses can only extend one abstract class (single inheritance).</li></ul></li><li><strong>Abstract Method</strong><ul><li><strong>Purpose:</strong> Serves as a placeholder for a specific action.</li><li><strong>Capabilities:</strong> Has no body; defines a signature (name, parameters, return type) only.</li><li><strong>Location:</strong> Can only exist inside an abstract class or an interface</li></ul></li><li><strong>Discuss the ""Open-Closed"" Principle:</strong> Explain that abstract classes let you extend software capability (by adding new subclasses) without modifying existing, tested base code</li></ul>",true,false,false,false,false,false,false,,0,1,0,3,2026-08-18,1,1,"[{""ts"":1787282780488}]",0,,0,,,,1787282780488
OOP,Pillars Of OOP,Abstraction,Interface vs Abstract class,"<ul><li><strong>Abstract class</strong> is what an object is<ul><li>Aharing code and state via tight, single inheritance</li></ul></li><li><strong>Interface</strong> is what an object can do<ul><li>Enforcing decoupled contracts via flexible multiple inheritance</li></ul></li></ul>",false,true,false,false,false,false,false,,0,1,0,3,2026-08-18,0,0,,0,,1,"[{""ts"":1787282780488}]","[""Must Know""]",,1787283341366
OOP,Pillars Of OOP,Abstraction,Method in interface vs Abstract,,false,false,false,false,false,true,false,,0,1,0,3,2026-08-18,0,0,,1,"[{""ts"":1787282780488}]",0,,,,1787282780488
OOP,Pillars Of OOP,Abstraction,How will you choose Interface or Abstract class,,true,false,false,false,false,false,false,,0,1,0,3,2026-08-18,1,1,"[{""ts"":1787282780488}]",0,,0,,,,1787282780488
OOP,Pillars Of OOP,Abstraction,When do you layer an interface on top of the abstract class,• Validation using Template Method Pattern,false,true,false,false,false,false,false,,0,1,0,3,2026-08-18,0,0,,0,,1,"[{""ts"":1787282780488}]","[""Must Know""]",,1787283359851
OOP,Pillars Of OOP,Abstraction,default & static methods in java 8,"<ul><li>Default methods are inherited by implementation classes to support backward compatibility, while static methods belong strictly to the interface and cannot be overridden</li><li><strong>Key Differences</strong><ul><li><strong>Instance vs. Class: </strong>Default methods require an object instance to run. Static methods are called directly using the interface name</li><li><strong>Inheritance:</strong> Default methods are inherited by classes and can be overridden. Static methods are not inherited by implementation classes or subclasses</li><li><strong>Multiple Inheritance Conflict:</strong> If a class implements two interfaces with the exact same default method, the class must override and resolve the conflict. This is not an issue for static methods because they are never inherited</li></ul></li></ul>",true,false,false,false,false,false,false,,0,1,0,3,2026-08-18,1,1,"[{""ts"":1787282780488}]",0,,0,,,,1787282780488
OOP,Pillars Of OOP,Abstraction,"static, final and private methods",,false,true,false,false,false,false,false,,0,1,0,3,2026-08-18,0,0,,0,,1,"[{""ts"":1787282780488}]",,,1787282780488
OOP,Pillars Of OOP,Abstraction,Explain how abstraction promotes loose coupling and reducing tight coupling,,false,false,false,false,false,true,false,,0,1,0,3,2026-08-19,0,0,,1,"[{""ts"":1787282780488}]",0,,,,1787282780488
OOP,Pillars Of OOP,Abstraction,Explain loose coupling with dependency injection using payment processor and notification system,,true,false,false,false,false,false,false,,0,1,0,3,2026-08-18,1,1,"[{""ts"":1787282780488}]",0,,0,,"[""Must Know""]",,1787283371912
OOP,Pillars Of OOP,Inheritance,Definition,"<ul><li>Inheritance means, Deriving a class from existing base class</li><li>Derived class reuses properties and methods of an existing class</li><li><strong>""is-a"" relationship</strong> (like a Dog ""is-a"" Animal)</li></ul>",true,false,false,false,false,false,false,,0,1,0,4,2026-08-18,1,1,"[{""ts"":1787282780488}]",0,,0,,,,1787282780488
OOP,Pillars Of OOP,Inheritance,Parent child analogy,,true,false,false,false,false,false,false,,0,1,0,4,2026-08-18,1,1,"[{""ts"":1787282780488}]",0,,0,,,,1787282780488
OOP,Pillars Of OOP,Inheritance,What relationship does inheritance form,,true,false,false,false,false,false,false,,0,1,0,4,2026-08-18,1,1,"[{""ts"":1787282780488}]",0,,0,,,,1787282780488
OOP,Pillars Of OOP,Inheritance,Why do we need Inheritance & One Major Drawback,,true,false,false,false,false,false,false,,0,1,0,4,2026-08-18,1,1,"[{""ts"":1787282780488}]",0,,0,,"[""Must Know""]",,1787283381031
OOP,Pillars Of OOP,Inheritance,Types,,false,true,false,false,false,false,false,,0,1,0,4,2026-08-18,0,0,,0,,1,"[{""ts"":1787282780488}]",,,1787282780488
OOP,Pillars Of OOP,Inheritance,Diamond problem,"<ul><li>due to multiple inheritence when B,C extends A and again D extends B,C resolved with default interface method</li></ul>",true,false,false,false,false,false,false,,0,1,0,4,2026-08-18,1,1,"[{""ts"":1787282780488}]",0,,0,,,,1787282780488
OOP,Pillars Of OOP,Inheritance,How multiple inheritance resolved in java,• Explain,true,false,false,false,false,false,false,,0,1,0,4,2026-08-18,1,1,"[{""ts"":1787282780488}]",0,,0,,,,1787282780488
OOP,Pillars Of OOP,Inheritance,Two interfaces have the same default method. How do you resolve it?,,true,false,false,false,false,false,false,,0,1,0,4,2026-08-18,1,1,"[{""ts"":1787282780488}]",0,,0,,"[""Must Know""]",,1787283391343
OOP,Pillars Of OOP,Inheritance,What is another way of using inheritance is called?,,true,false,false,false,false,false,false,,0,1,0,4,2026-08-18,1,1,"[{""ts"":1787282780488}]",0,,0,,,,1787282780488
OOP,Pillars Of OOP,Inheritance,Another way of using inheritance based on what condition? What relationship does it form?,,false,true,false,false,false,false,false,,0,1,0,4,2026-08-18,0,0,,0,,1,"[{""ts"":1787282780488}]","[""Must Know""]",,1787283403191
OOP,Pillars Of OOP,Polymorphism,Definition,"<ul><li>Polymorphism means ""many forms""</li><li>Static/dynamic Binding or Static / Runtime Polymorphism also called Dynamic Method Dispatch Example - Method overloading(static) / overriding(dynamic/runtime)</li></ul>",true,false,false,false,false,false,false,,0,1,0,5,2026-08-18,1,1,"[{""ts"":1787282780488}]",0,,0,,,,1787282780488
OOP,Pillars Of OOP,Polymorphism,Static — Compile-time — method overloading vs Dynamic — Runtime — overriding,,true,false,false,false,false,false,false,,0,1,0,5,2026-08-18,1,1,"[{""ts"":1787282780488}]",0,,0,,"[""Must Know""]",,1787283913851
OOP,Pillars Of OOP,Polymorphism,overloading vs overriding,"<ul><li>Overloading is about having multiple methods with the same name but different parameters within the same class, whereas overriding is a child class redefining a method from its parent class with the exact same signature</li><li>Overloading is resolved at compile time, while overriding is resolved at runtime based on the actual object type</li></ul>",true,false,false,false,false,false,false,,0,1,0,5,2026-08-18,1,1,"[{""ts"":1787282780488}]",0,,0,,,,1787282780488
OOP,Pillars Of OOP,Polymorphism,What are the rules for method overriding?,"• Same Method Signature • Inheritance Required • Compatible Return Type (same or covariant) • Equal or Broadened Access • Non-Overridable Methods ( private, static, or final )",true,false,false,false,false,false,false,,0,1,0,5,2026-08-18,1,1,"[{""ts"":1787282780488}]",0,,0,,"[""Must Know""]",,1787283423081
OOP,Pillars Of OOP,Polymorphism,What are the rules regarding checked and unchecked exceptions in method overriding?,• Checked Exceptions ◦ Cannot declare broader or new checked exceptions ◦ Can declare narrower checked exceptions ◦ Can declare fewer or no checked exceptions ◦ Parent declares no checked exceptions • Unchecked Exceptions ◦ No restrictions ◦ Flexibility,false,true,false,false,false,false,false,,0,1,0,5,2026-08-18,0,0,,0,,1,"[{""ts"":1787282780488}]",,,1787282780488
OOP,Pillars Of OOP,Polymorphism,when is method overriding vs method hiding applicable,,true,false,false,false,false,false,false,,0,1,0,5,2026-08-18,1,1,"[{""ts"":1787282780488}]",0,,0,,,,1787282780488
OOP,Relationship,Association,Definition,"<ul><li>relationship between the objects - 1-1, 1-M, M-M, M-1</li></ul>",false,false,false,false,false,true,false,,0,1,0,6,2026-08-18,0,0,,1,"[{""ts"":1787282780488}]",0,,"[""Must Know""]",,1787283931084
OOP,Relationship,Aggregation,Definition,<ul><li>( HAS-A ) - object contains other objects as a part of its state - weak relationship between objects - inheritence (IS-A)</li></ul>,false,false,false,false,false,true,false,,0,1,0,7,2026-08-18,0,0,,1,"[{""ts"":1787282780488}]",0,,"[""Must Know""]",,1787283937243
OOP,Relationship,Composition,Definition,"<ul><li>strong relationship between the containing object - If you delete the parent object, all the child objects will be deleted automatically.</li></ul>",false,false,false,false,false,true,false,,0,1,0,8,2026-08-18,0,0,,1,"[{""ts"":1787282780488}]",0,,"[""Must Know""]",,1787283942980
OOP,Relationship,Composition,What relationship does Composition form,,false,false,false,false,false,true,false,,0,1,0,8,2026-08-18,0,0,,1,"[{""ts"":1787282780488}]",0,,,,1787282780488
OOP,Relationship,Composition,Inheritance vs Composition,,false,false,false,false,false,true,false,,0,1,0,8,2026-08-18,0,0,,1,"[{""ts"":1787282780488}]",0,,,,1787282780488
OOP,Relationship,Composition,How will you choose Inheritance or Composition,,false,false,false,false,false,true,false,,0,1,0,8,2026-08-18,0,0,,1,"[{""ts"":1787282780488}]",0,,,,1787282780488
OOP,Relationship,Composition,Explain benefit of Composition over Inheritance with a use case,• Department class getListOfEmployees where Employee class extended as PermanantEmployees / ContractEmployees also can be accomodated,false,false,false,false,false,true,false,,0,1,0,8,2026-08-18,0,0,,1,"[{""ts"":1787282780488}]",0,,"[""Must Know""]",,1787283432632
OOP,Relationship,Cohesion,"Definition — What, When, Where, Why & How",<ul><li>component which performs a single well-defined task - java.io vs java.util</li></ul>,true,false,false,false,false,false,false,,0,1,0,9,2026-08-18,1,1,"[{""ts"":1787282780488}]",0,,0,,"[""Must Know""]",,1787283954612
OOP,Relationship,Coupling,"Definition — What, When, Where, Why & How",<ul><li>dependencies btwn object - (interfaces) loosly / (access modifier) tightly coupled</li></ul>,true,false,false,false,false,false,false,,0,1,0,10,2026-08-18,1,1,"[{""ts"":1787282780488}]",0,,0,,"[""Must Know""]",,1787283961109
OOP,General,Misc,Constructor vs Method,,true,false,false,false,false,false,false,,0,1,0,21,2026-08-18,1,1,"[{""ts"":1787282780488}]",0,,0,,"[""Must Know""]",,1787284072007
OOP,General,Misc,Constructor Chaining (this() vs super()),,false,false,false,false,false,true,false,,0,1,0,21,2026-08-18,0,0,,1,"[{""ts"":1787282780488}]",0,,,,1787282780488
OOP,General,Misc,this vs super,"<ul><li><strong>this : </strong>reference variable to current object</li><li><strong>super : </strong>Mostly used for, Calling constructor of a abstract class</li><li>Also used in accessing parent property and overriding default methods</li></ul>",true,false,false,false,false,false,false,,0,1,0,21,2026-08-18,1,1,"[{""ts"":1787282780488}]",0,,0,,,,1787282780488
OOP,General,Misc,Functional Interface,,true,false,false,false,false,false,false,,0,1,0,21,2026-08-18,1,1,"[{""ts"":1787282780488}]",0,,0,,"[""Must Know""]",,1787284075782
OOP,General,Misc,Marker Interface,,true,false,false,false,false,false,false,,0,1,0,21,2026-08-18,1,1,"[{""ts"":1787282780488}]",0,,0,,"[""Must Know""]",,1787284079457
OOP,General,Misc,Final Class vs Final Method vs Final Variable,,true,false,false,false,false,false,false,,0,1,0,21,2026-08-18,1,1,"[{""ts"":1787282780488}]",0,,0,,"[""Must Know""]",,1787284082623
OOP,General,Nested Classes,Definition,,false,false,false,false,false,true,false,,0,1,0,12,2026-08-18,0,0,,1,"[{""ts"":1787282780488}]",0,,,,1787282780488
OOP,General,Nested Classes,"Types — What, When, Where, Why & How",,false,false,false,false,false,true,false,,0,1,0,12,2026-08-18,0,0,,1,"[{""ts"":1787282780488}]",0,,"[""Must Know""]",,1787283441745
OOP,Design,SOLID,Explain with examples,,false,true,false,false,false,false,false,,0,1,0,13,2026-08-18,0,0,,0,,1,"[{""ts"":1787282780488}]","[""Must Know""]",,1787283977446
OOP,Design,GOF,Definition,,true,false,false,false,false,false,false,,0,1,0,14,2026-08-18,1,1,"[{""ts"":1787282780488}]",0,,0,,,,1787282780488
OOP,Design,GOF,All categories — List down types for each,,true,false,false,false,false,false,false,,0,1,0,14,2026-08-18,1,1,"[{""ts"":1787282780488}]",0,,0,,"[""Must Know""]",,1787284057830
OOP,Design,GOF,"Example implementation for,",• Creational ◦ Singleton ◦ Factory ◦ Builder • Structural ◦ Adapter ◦ Facade ◦ Proxy • Behavioural ◦ Observer ◦ Strategy ◦ Template Method (Example — validation using interface & abstract),false,false,false,false,false,true,false,,0,1,0,14,2026-08-18,0,0,,1,"[{""ts"":1787282780488}]",0,,"[""Must Know""]",,1787283452829
OOP,Scenario Based,Scenario Based,"Interface or Abstract Class, which would you choose for a payment system?",,true,false,false,false,false,false,false,,0,1,0,15,2026-08-18,1,1,"[{""ts"":1787282780488}]",0,,0,,,,1787282780488
OOP,Scenario Based,Scenario Based,"Inheritance or Composition, which is better and why?",,true,false,false,false,false,false,false,,0,1,0,15,2026-08-18,1,1,"[{""ts"":1787282780488}]",0,,0,,,,1787282780488
OOP,Scenario Based,Scenario Based,"How would you design a notification framework supporting Email, SMS, Push, WhatsApp?",,true,false,false,false,false,false,false,,0,1,0,15,2026-08-18,1,1,"[{""ts"":1787282780488}]",0,,0,,,,1787282780488
OOP,Scenario Based,Scenario Based,Explain Parent obj = new Child();. Which methods and variables are accessible?,,true,false,false,false,false,false,false,,0,1,0,15,2026-08-18,1,1,"[{""ts"":1787282780488}]",0,,0,,,,1787282780488
OOP,Scenario Based,Scenario Based,Explain Dynamic Method Dispatch internally.,,false,false,false,false,false,true,false,,0,1,0,15,2026-08-18,0,0,,1,"[{""ts"":1787282780488}]",0,,,,1787282780488
OOP,Scenario Based,Scenario Based,Why is programming to interfaces considered a best practice?,,true,false,false,false,false,false,false,,0,1,0,15,2026-08-18,1,1,"[{""ts"":1787282780488}]",0,,0,,,,1787282780488
OOP,Scenario Based,Scenario Based,Refactor a tightly coupled design into a loosely coupled one.,,true,false,false,false,false,false,false,,0,1,0,15,2026-08-18,1,1,"[{""ts"":1787282780488}]",0,,0,,,,1787282780488
OOP,Scenario Based,Scenario Based,Design a plugin architecture using OOP principles.,,false,false,false,false,false,true,false,,0,1,0,15,2026-08-18,0,0,,1,"[{""ts"":1787282780488}]",0,,,,1787282780488
OOP,Scenario Based,Scenario Based,A class has 15 constructor parameters. How would you redesign it?,,false,true,false,false,false,false,false,,0,1,0,15,2026-08-18,0,0,,0,,1,"[{""ts"":1787282780488}]",,,1787282780488
OOP,Scenario Based,Scenario Based,How would you model a payment gateway using abstraction and polymorphism?,,false,false,false,false,false,true,false,,0,1,0,15,2026-08-18,0,0,,1,"[{""ts"":1787282780488}]",0,,,,1787282780488
OOP,Scenario Based,Scenario Based,Explain a real production example where composition helped more than inheritance.,,false,true,false,false,false,false,false,,0,1,0,15,2026-08-18,0,0,,0,,1,"[{""ts"":1787282780488}]",,,1787282780488
CORE JAVA,General,General,Features of Java,,false,false,false,false,false,false,false,,0,2,1,0,,0,0,,0,,0,,,,1787282780488
CORE JAVA,JVM,JVM,JDK architecture,,false,false,false,false,false,false,false,,0,2,1,1,,0,0,,0,,0,,,,1787282780488
CORE JAVA,JVM,JVM,How java code is executed,,false,false,false,false,false,false,false,,0,2,1,1,,0,0,,0,,0,,,,1787282780488
CORE JAVA,JVM,JVM,JVM Architecture,,false,false,false,false,false,false,false,,0,2,1,1,,0,0,,0,,0,,,,1787282780488
CORE JAVA,JVM,JVM,Explain each JVM sections and its components role,,false,false,false,false,false,false,false,,0,2,1,1,,0,0,,0,,0,,,,1787282780488
CORE JAVA,Garbage Collection & Memory Management,Garbage Collection & Memory Management,"Explain JVM memory structure (Heap, Stack, Metaspace)",,false,false,false,false,false,false,false,,0,2,1,2,,0,0,,0,,0,,,,1787282780488
CORE JAVA,Garbage Collection & Memory Management,Garbage Collection & Memory Management,Heap vs Stack vs Metaspace,,false,false,false,false,false,false,false,,0,2,1,2,,0,0,,0,,0,,,,1787282780488
CORE JAVA,Garbage Collection & Memory Management,Garbage Collection & Memory Management,"Deep dive: Heap Memory (Eden, S0, S1, Tenured)",,false,false,false,false,false,false,false,,0,2,1,2,,0,0,,0,,0,,,,1787282780488
CORE JAVA,Garbage Collection & Memory Management,Garbage Collection & Memory Management,Explain object life cycle,,false,false,false,false,false,false,false,,0,2,1,2,,0,0,,0,,0,,,,1787282780488
CORE JAVA,Garbage Collection & Memory Management,Garbage Collection & Memory Management,"What are the reference types (Strong, Soft, Weak, Phantom)",,false,false,false,false,false,false,false,,0,2,1,2,,0,0,,0,,0,,,,1787282780488
CORE JAVA,Garbage Collection & Memory Management,Garbage Collection & Memory Management,What is Garbage collection,,false,false,false,false,false,false,false,,0,2,1,2,,0,0,,0,,0,,,,1787282780488
CORE JAVA,Garbage Collection & Memory Management,Garbage Collection & Memory Management,What is GC Roots & Reachability?,,false,false,false,false,false,false,false,,0,2,1,2,,0,0,,0,,0,,,,1787282780488
CORE JAVA,Garbage Collection & Memory Management,Garbage Collection & Memory Management,What is STW (Stop-The-World)?,,false,false,false,false,false,false,false,,0,2,1,2,,0,0,,0,,0,,,,1787282780488
CORE JAVA,Garbage Collection & Memory Management,Garbage Collection & Memory Management,What is Mark & Sweep & Concurrent Mark & Sweep?,,false,false,false,false,false,false,false,,0,2,1,2,,0,0,,0,,0,,,,1787282780488
CORE JAVA,Garbage Collection & Memory Management,Garbage Collection & Memory Management,"List all GC events, when & why it happens (Minor, Major, Full GC)",,false,false,false,false,false,false,false,,0,2,1,2,,0,0,,0,,0,,,,1787282780488
CORE JAVA,Garbage Collection & Memory Management,Garbage Collection & Memory Management,"List all GC algorithms, Goal, Characteristics & JVM flags",,false,false,false,false,false,false,false,,0,2,1,2,,0,0,,0,,0,,,,1787282780488
CORE JAVA,Garbage Collection & Memory Management,Garbage Collection & Memory Management,G1 vs Parallel GC,,false,false,false,false,false,false,false,,0,2,1,2,,0,0,,0,,0,,,,1787282780488
CORE JAVA,Garbage Collection & Memory Management,Garbage Collection & Memory Management,Why G1 is preferred? (Fragmented GC & Region-based memory),,false,false,false,false,false,false,false,,0,2,1,2,,0,0,,0,,0,,,,1787282780488
CORE JAVA,Garbage Collection & Memory Management,Garbage Collection & Memory Management,Can we force GC?,,false,false,false,false,false,false,false,,0,2,1,2,,0,0,,0,,0,,,,1787282780488
CORE JAVA,Garbage Collection & Memory Management,Garbage Collection & Memory Management,What is memory leaks & when does it occur,,false,false,false,false,false,false,false,,0,2,1,2,,0,0,,0,,0,,,,1787282780488
CORE JAVA,Garbage Collection & Memory Management,Garbage Collection & Memory Management,What is OutOfMemoryError & when does it occur,,false,false,false,false,false,false,false,,0,2,1,2,,0,0,,0,,0,,,,1787282780488
CORE JAVA,Garbage Collection & Memory Management,Garbage Collection & Memory Management,Heap Dump vs Thread Dump,,false,false,false,false,false,false,false,,0,2,1,2,,0,0,,0,,0,,,,1787282780488
CORE JAVA,Garbage Collection & Memory Management,Garbage Collection & Memory Management,"Have you used any JVM dump / monitoring tools? (JVisualVM, JConsole, Eclipse MAT, JMC)",,false,false,false,false,false,false,false,,0,2,1,2,,0,0,,0,,0,,,,1787282780488
CORE JAVA,Garbage Collection & Memory Management,Garbage Collection & Memory Management,"How will you troubleshoot OutOfMemoryError in production (Heap Dump, Thread Dump, GC Logs, Tools)",,false,false,false,false,false,false,false,,0,2,1,2,,0,0,,0,,0,,,,1787282780488
CORE JAVA,Garbage Collection & Memory Management,Garbage Collection & Memory Management,Have you done JVM tuning in real time?,,false,false,false,false,false,false,false,,0,2,1,2,,0,0,,0,,0,,,,1787282780488
CORE JAVA,Error & Exception,Error & Exception,Exception Diagram (Throwable hierarchy),,false,false,false,false,false,false,false,,0,2,1,3,,0,0,,0,,0,,,,1787282780488
CORE JAVA,Error & Exception,Error & Exception,Exception vs Error vs Throwable,,false,false,false,false,false,false,false,,0,2,1,3,,0,0,,0,,0,,,,1787282780488
CORE JAVA,Error & Exception,Error & Exception,Checked vs Unchecked Exception,,false,false,false,false,false,false,false,,0,2,1,3,,0,0,,0,,0,,,,1787282780488
CORE JAVA,Error & Exception,Error & Exception,FileNotFoundException type,,false,false,false,false,false,false,false,,0,2,1,3,,0,0,,0,,0,,,,1787282780488
CORE JAVA,Error & Exception,Error & Exception,try_catch_finally flow,,false,false,false,false,false,false,false,,0,2,1,3,,0,0,,0,,0,,,,1787282780488
CORE JAVA,Error & Exception,Error & Exception,Multi-catch (Handling multiple types),,false,false,false,false,false,false,false,,0,2,1,3,,0,0,,0,,0,,,,1787282780488
CORE JAVA,Error & Exception,Error & Exception,Order of exception hierarchy and catch order,,false,false,false,false,false,false,false,,0,2,1,3,,0,0,,0,,0,,,,1787282780488
CORE JAVA,Error & Exception,Error & Exception,Return in try vs finally,,false,false,false,false,false,false,false,,0,2,1,3,,0,0,,0,,0,,,,1787282780488
CORE JAVA,Error & Exception,Error & Exception,Can we stop finally block from executing?,,false,false,false,false,false,false,false,,0,2,1,3,,0,0,,0,,0,,,,1787282780488
CORE JAVA,Error & Exception,Error & Exception,Exception propagation (Delegating to caller),,false,false,false,false,false,false,false,,0,2,1,3,,0,0,,0,,0,,,,1787282780488
CORE JAVA,Error & Exception,Error & Exception,Stack unwinding,,false,false,false,false,false,false,false,,0,2,1,3,,0,0,,0,,0,,,,1787282780488
CORE JAVA,Error & Exception,Error & Exception,throw vs throws,,false,false,false,false,false,false,false,,0,2,1,3,,0,0,,0,,0,,,,1787282780488
CORE JAVA,Error & Exception,Error & Exception,Chained exceptions,,false,false,false,false,false,false,false,,0,2,1,3,,0,0,,0,,0,,,,1787282780488
CORE JAVA,Error & Exception,Error & Exception,Suppressed exceptions,,false,false,false,false,false,false,false,,0,2,1,3,,0,0,,0,,0,,,,1787282780488
CORE JAVA,Error & Exception,Error & Exception,Try-with-resources,,false,false,false,false,false,false,false,,0,2,1,3,,0,0,,0,,0,,,,1787282780488
CORE JAVA,Error & Exception,Error & Exception,Custom exceptions (Exception vs RuntimeException),,false,false,false,false,false,false,false,,0,2,1,3,,0,0,,0,,0,,,,1787282780488
CORE JAVA,Error & Exception,Error & Exception,Exception handling with method overriding,,false,false,false,false,false,false,false,,0,2,1,3,,0,0,,0,,0,,,,1787282780488
CORE JAVA,Error & Exception,Error & Exception,StackOverflowError vs OutOfMemoryError,,false,false,false,false,false,false,false,,0,2,1,3,,0,0,,0,,0,,,,1787282780488
CORE JAVA,Error & Exception,Error & Exception,ConcurrentModificationException,,false,false,false,false,false,false,false,,0,2,1,3,,0,0,,0,,0,,,,1787282780488
CORE JAVA,Error & Exception,Error & Exception,Design patterns in exception handling,,false,false,false,false,false,false,false,,0,2,1,3,,0,0,,0,,0,,,,1787282780488
CORE JAVA,Error & Exception,Error & Exception,Exception handling best practices,,false,false,false,false,false,false,false,,0,2,1,3,,0,0,,0,,0,,,,1787282780488
CORE JAVA,Error & Exception,Error & Exception,How to handle custom exceptions in Spring Boot,,false,false,false,false,false,false,false,,0,2,1,3,,0,0,,0,,0,,,,1787282780488
CORE JAVA,Error & Exception,Error & Exception,@ExceptionHandler vs @ControllerAdvice,,false,false,false,false,false,false,false,,0,2,1,3,,0,0,,0,,0,,,,1787282780488
CORE JAVA,Error & Exception,Error & Exception,Transaction rollback and exceptions,,false,false,false,false,false,false,false,,0,2,1,3,,0,0,,0,,0,,,,1787282780488
CORE JAVA,Error & Exception,Error & Exception,Exception handling in CompletableFuture,,false,false,false,false,false,false,false,,0,2,1,3,,0,0,,0,,0,,,,1787282780488
CORE JAVA,Keywords & Modifiers,Keywords & Modifiers,Why no pointers in Java,,false,false,false,false,false,false,false,,0,2,1,4,,0,0,,0,,0,,,,1787282780488
CORE JAVA,Keywords & Modifiers,Keywords & Modifiers,Call by Value vs Call by Reference in Java,,false,false,false,false,false,false,false,,0,2,1,4,,0,0,,0,,0,,,,1787282780488
CORE JAVA,Keywords & Modifiers,Keywords & Modifiers,Can we overload main method in Java?,,false,false,false,false,false,false,false,,0,2,1,4,,0,0,,0,,0,,,,1787282780488
CORE JAVA,Keywords & Modifiers,Keywords & Modifiers,"Access & Control Modifiers: private, static, final (variable, method, class)",,false,false,false,false,false,false,false,,0,2,1,4,,0,0,,0,,0,,,,1787282780488
CORE JAVA,Keywords & Modifiers,Keywords & Modifiers,"static - block, import, nested class",,false,false,false,false,false,false,false,,0,2,1,4,,0,0,,0,,0,,,,1787282780488
CORE JAVA,Keywords & Modifiers,Keywords & Modifiers,default methods (Interface evolution),,false,false,false,false,false,false,false,,0,2,1,4,,0,0,,0,,0,,,,1787282780488
CORE JAVA,Keywords & Modifiers,Keywords & Modifiers,synchronized,,false,false,false,false,false,false,false,,0,2,1,4,,0,0,,0,,0,,,,1787282780488
CORE JAVA,Keywords & Modifiers,Keywords & Modifiers,volatile,,false,false,false,false,false,false,false,,0,2,1,4,,0,0,,0,,0,,,,1787282780488
CORE JAVA,Keywords & Modifiers,Keywords & Modifiers,transient,,false,false,false,false,false,false,false,,0,2,1,4,,0,0,,0,,0,,,,1787282780488
CORE JAVA,Keywords & Modifiers,Keywords & Modifiers,Final vs Finally vs Finalize,,false,false,false,false,false,false,false,,0,2,1,4,,0,0,,0,,0,,,,1787282780488
CORE JAVA,Keywords & Modifiers,Keywords & Modifiers,When finalize method is called,,false,false,false,false,false,false,false,,0,2,1,4,,0,0,,0,,0,,,,1787282780488
CORE JAVA,Strings,Strings,Ways to create Strings in Java (Literals vs new String()),,false,false,false,false,false,false,false,,0,2,1,5,,0,0,,0,,0,,,,1787282780488
CORE JAVA,Strings,Strings,"String s1=""abc"" vs String s2=new String(""abc""): Object creation & memory locations",,false,false,false,false,false,false,false,,0,2,1,5,,0,0,,0,,0,,,,1787282780488
CORE JAVA,Strings,Strings,Stack vs Heap memory in Java,,false,false,false,false,false,false,false,,0,2,1,5,,0,0,,0,,0,,,,1787282780488
CORE JAVA,Strings,Strings,String Pool & memory layout,,false,false,false,false,false,false,false,,0,2,1,5,,0,0,,0,,0,,,,1787282780488
CORE JAVA,Strings,Strings,intern() method and String interning,,false,false,false,false,false,false,false,,0,2,1,5,,0,0,,0,,0,,,,1787282780488
CORE JAVA,Strings,Strings,Immutability concepts: What is an immutable class?,,false,false,false,false,false,false,false,,0,2,1,5,,0,0,,0,,0,,,,1787282780488
CORE JAVA,Strings,Strings,Why String is immutable,,false,false,false,false,false,false,false,,0,2,1,5,,0,0,,0,,0,,,,1787282780488
CORE JAVA,Strings,Strings,Why String is final,,false,false,false,false,false,false,false,,0,2,1,5,,0,0,,0,,0,,,,1787282780488
CORE JAVA,Strings,Strings,String hashCode caching & HashMap with String keys,,false,false,false,false,false,false,false,,0,2,1,5,,0,0,,0,,0,,,,1787282780488
CORE JAVA,Strings,Strings,Password handling: String vs char[] (Security & memory considerations),,false,false,false,false,false,false,false,,0,2,1,5,,0,0,,0,,0,,,,1787282780488
CORE JAVA,Strings,Strings,Object equality: == vs equals() vs compareTo(),,false,false,false,false,false,false,false,,0,2,1,5,,0,0,,0,,0,,,,1787282780488
CORE JAVA,Strings,Strings,Things to consider when overriding/using equals() & hashCode(),,false,false,false,false,false,false,false,,0,2,1,5,,0,0,,0,,0,,,,1787282780488
CORE JAVA,Strings,Strings,"String utility methods & common operations (replace vs replaceAll, getBytes vs toCharArray)",,false,false,false,false,false,false,false,,0,2,1,5,,0,0,,0,,0,,,,1787282780488
CORE JAVA,Strings,Strings,split vs splice vs StringTokenizer,,false,false,false,false,false,false,false,,0,2,1,5,,0,0,,0,,0,,,,1787282780488
CORE JAVA,Strings,Strings,String concatenation internals: Compile-time vs runtime concatenation,,false,false,false,false,false,false,false,,0,2,1,5,,0,0,,0,,0,,,,1787282780488
CORE JAVA,Strings,Strings,Why excessive String concatenation hurts performance,,false,false,false,false,false,false,false,,0,2,1,5,,0,0,,0,,0,,,,1787282780488
CORE JAVA,Strings,Strings,"String vs StringBuilder vs StringBuffer (Mutable vs Immutable, Thread safety)",,false,false,false,false,false,false,false,,0,2,1,5,,0,0,,0,,0,,,,1787282780488
CORE JAVA,Strings,Strings,"Creating custom immutable classes & handling mutability (Getter/Setter rules, defensive copying)",,false,false,false,false,false,false,false,,0,2,1,5,,0,0,,0,,0,,,,1787282780488
CORE JAVA,Strings,Strings,Can we have an immutable constructor?,,false,false,false,false,false,false,false,,0,2,1,5,,0,0,,0,,0,,,,1787282780488
CORE JAVA,Strings,Strings,substring() changes across Java versions,,false,false,false,false,false,false,false,,0,2,1,5,,0,0,,0,,0,,,,1787282780488
CORE JAVA,Strings,Strings,Compact Strings (Java 9+),,false,false,false,false,false,false,false,,0,2,1,5,,0,0,,0,,0,,,,1787282780488
CORE JAVA,Strings,Strings,G1 String Deduplication,,false,false,false,false,false,false,false,,0,2,1,5,,0,0,,0,,0,,,,1787282780488
CORE JAVA,Strings,Strings,Reverse String / Palindrome / Anagram (Coding problems),,false,false,false,false,false,false,false,,0,2,1,5,,0,0,,0,,0,,,,1787282780488
CORE JAVA,Strings,Strings,Split CSV string using Stream API and print (Coding problem),,false,false,false,false,false,false,false,,0,2,1,5,,0,0,,0,,0,,,,1787282780488
CORE JAVA,Collection Framework,Collection Framework,What are Collections? (Java Collections Framework vs java.util vs Collections utility class),,false,false,false,false,false,false,false,,0,2,1,6,,0,0,,0,,0,,,,1787282780488
CORE JAVA,Collection Framework,Collection Framework,Collections Hierarchy & Collection Diagram,,false,false,false,false,false,false,false,,0,2,1,6,,0,0,,0,,0,,,,1787282780488
CORE JAVA,Collection Framework,Collection Framework,List vs Set vs Map vs Queue,,false,false,false,false,false,false,false,,0,2,1,6,,0,0,,0,,0,,,,1787282780488
CORE JAVA,Collection Framework,Collection Framework,Decision Flowchart: How to select the right Collection for real-world scenarios,,false,false,false,false,false,false,false,,0,2,1,6,,0,0,,0,,0,,,,1787282780488
CORE JAVA,Collection Framework,Collection Framework,Time Complexities of common collection operations,,false,false,false,false,false,false,false,,0,2,1,6,,0,0,,0,,0,,,,1787282780488
CORE JAVA,Collection Framework,Collection Framework,Difference between Array and Collection,,false,false,false,false,false,false,false,,0,2,1,6,,0,0,,0,,0,,,,1787282780488
CORE JAVA,Collection Framework,Collection Framework,Difference between Set and List,,false,false,false,false,false,false,false,,0,2,1,6,,0,0,,0,,0,,,,1787282780488
CORE JAVA,Collection Framework,Collection Framework,"ArrayList vs LinkedList (Internal workings, differences, and trade-offs)",,false,false,false,false,false,false,false,,0,2,1,6,,0,0,,0,,0,,,,1787282780488
CORE JAVA,Collection Framework,Collection Framework,"Default capacities: List (10), Map (16 buckets), Set (16 via internal HashMap)",,false,false,false,false,false,false,false,,0,2,1,6,,0,0,,0,,0,,,,1787282780488
CORE JAVA,Collection Framework,Collection Framework,Creating a custom ArrayList to disallow duplicates,,false,false,false,false,false,false,false,,0,2,1,6,,0,0,,0,,0,,,,1787282780488
CORE JAVA,Collection Framework,Collection Framework,How to remove duplicates from a List without using a Set,,false,false,false,false,false,false,false,,0,2,1,6,,0,0,,0,,0,,,,1787282780488
CORE JAVA,Collection Framework,Collection Framework,HashSet internal working,,false,false,false,false,false,false,false,,0,2,1,6,,0,0,,0,,0,,,,1787282780488
CORE JAVA,Collection Framework,Collection Framework,HashMap vs HashSet (Difference and internal reliance),,false,false,false,false,false,false,false,,0,2,1,6,,0,0,,0,,0,,,,1787282780488
CORE JAVA,Collection Framework,Collection Framework,Which one is faster: Set or HashMap? (Performance comparison & internal explanation),,false,false,false,false,false,false,false,,0,2,1,6,,0,0,,0,,0,,,,1787282780488
CORE JAVA,Collection Framework,Collection Framework,Tricky: How Set allows duplicate custom objects if equals() and hashCode() are not overridden,,false,false,false,false,false,false,false,,0,2,1,6,,0,0,,0,,0,,,,1787282780488
CORE JAVA,Collection Framework,Collection Framework,equals() vs hashCode() contract & hashing basics,,false,false,false,false,false,false,false,,0,2,1,6,,0,0,,0,,0,,,,1787282780488
CORE JAVA,Collection Framework,Collection Framework,What is a Hash Collision & Collision resolution techniques,,false,false,false,false,false,false,false,,0,2,1,6,,0,0,,0,,0,,,,1787282780488
CORE JAVA,Collection Framework,Collection Framework,"HashMap internal working (DSA basics, indexing, load factor, resizing, treeification)",,false,false,false,false,false,false,false,,0,2,1,6,,0,0,,0,,0,,,,1787282780488
CORE JAVA,Collection Framework,Collection Framework,Common HashMap methods (including checking if a HashMap contains a specific value),,false,false,false,false,false,false,false,,0,2,1,6,,0,0,,0,,0,,,,1787282780488
CORE JAVA,Collection Framework,Collection Framework,HashMap vs LinkedHashMap vs TreeMap,,false,false,false,false,false,false,false,,0,2,1,6,,0,0,,0,,0,,,,1787282780488
CORE JAVA,Collection Framework,Collection Framework,Understanding TreeMap in Java and Red-Black Trees,,false,false,false,false,false,false,false,,0,2,1,6,,0,0,,0,,0,,,,1787282780488
CORE JAVA,Collection Framework,Collection Framework,HashMap vs Hashtable (Differences & internal working),,false,false,false,false,false,false,false,,0,2,1,6,,0,0,,0,,0,,,,1787282780488
CORE JAVA,Collection Framework,Collection Framework,Is HashMap thread-safe?,,false,false,false,false,false,false,false,,0,2,1,6,,0,0,,0,,0,,,,1787282780488
CORE JAVA,Collection Framework,Collection Framework,Synchronized collections vs Concurrent collections,,false,false,false,false,false,false,false,,0,2,1,6,,0,0,,0,,0,,,,1787282780488
CORE JAVA,Collection Framework,Collection Framework,"ConcurrentHashMap: Internal locking mechanism, null key/value restrictions, and why it is preferred over Hashtable",,false,false,false,false,false,false,false,,0,2,1,6,,0,0,,0,,0,,,,1787282780488
CORE JAVA,Collection Framework,Collection Framework,ArrayDeque vs Stack (Why ArrayDeque is preferred over Legacy Stack),,false,false,false,false,false,false,false,,0,2,1,6,,0,0,,0,,0,,,,1787282780488
CORE JAVA,Collection Framework,Collection Framework,PriorityQueue (Heap-based ordering & internal working),,false,false,false,false,false,false,false,,0,2,1,6,,0,0,,0,,0,,,,1787282780488
CORE JAVA,Collection Framework,Collection Framework,Iterator vs ListIterator vs Enumeration,,false,false,false,false,false,false,false,,0,2,1,6,,0,0,,0,,0,,,,1787282780488
CORE JAVA,Collection Framework,Collection Framework,Fail-Fast vs Fail-Safe Iterators in Java,,false,false,false,false,false,false,false,,0,2,1,6,,0,0,,0,,0,,,,1787282780488
CORE JAVA,Collection Framework,Collection Framework,Objects ordering: Comparable vs Comparator,,false,false,false,false,false,false,false,,0,2,1,6,,0,0,,0,,0,,,,1787282780488
CORE JAVA,Collection Framework,Collection Framework,compareTo() method usage and implementation,,false,false,false,false,false,false,false,,0,2,1,6,,0,0,,0,,0,,,,1787282780488
CORE JAVA,Collection Framework,Collection Framework,"Sorting objects based on attributes (e.g., ID, Name) using Comparable and Comparator",,false,false,false,false,false,false,false,,0,2,1,6,,0,0,,0,,0,,,,1787282780488
CORE JAVA,Collection Framework,Collection Framework,Creating custom Comparators using lambda expressions & utility methods,,false,false,false,false,false,false,false,,0,2,1,6,,0,0,,0,,0,,,,1787282780488
CORE JAVA,Collection Framework,Collection Framework,Collections class static utility methods,,false,false,false,false,false,false,false,,0,2,1,6,,0,0,,0,,0,,,,1787282780488
CORE JAVA,Collection Framework,Collection Framework,"Immutable vs Unmodifiable collections (e.g., List.of() vs Collections.unmodifiableList())",,false,false,false,false,false,false,false,,0,2,1,6,,0,0,,0,,0,,,,1787282780488
CORE JAVA,Collection Framework,Collection Framework,"Collections vs Streams (Differences, performance, and memory usage)",,false,false,false,false,false,false,false,,0,2,1,6,,0,0,,0,,0,,,,1787282780488
CORE JAVA,Collection Framework,Collection Framework,Working with Streams on Collections,,false,false,false,false,false,false,false,,0,2,1,6,,0,0,,0,,0,,,,1787282780488
CORE JAVA,Java Features,Java 8,Lambda Expressions,,false,false,false,false,false,false,false,,0,2,1,7,,0,0,,0,,0,,,,1787282780488
CORE JAVA,Java Features,Java 8,Stream API,,false,false,false,false,false,false,false,,0,2,1,7,,0,0,,0,,0,,,,1787282780488
CORE JAVA,Java Features,Java 8,Functional Interfaces,,false,false,false,false,false,false,false,,0,2,1,7,,0,0,,0,,0,,,,1787282780488
CORE JAVA,Java Features,Java 8,Method References,,false,false,false,false,false,false,false,,0,2,1,7,,0,0,,0,,0,,,,1787282780488
CORE JAVA,Java Features,Java 8,Default and Static Methods,,false,false,false,false,false,false,false,,0,2,1,7,,0,0,,0,,0,,,,1787282780488
CORE JAVA,Java Features,Java 8,Optional Class,,false,false,false,false,false,false,false,,0,2,1,7,,0,0,,0,,0,,,,1787282780488
CORE JAVA,Java Features,Java 8,New Date and Time API,,false,false,false,false,false,false,false,,0,2,1,7,,0,0,,0,,0,,,,1787282780488
CORE JAVA,Java Features,Java 8,Base64 Encoding and Decoding,,false,false,false,false,false,false,false,,0,2,1,7,,0,0,,0,,0,,,,1787282780488
CORE JAVA,Java Features,"Java 17, 21, 25",Sealed Classes and Interfaces,,false,false,false,false,false,false,false,,0,2,1,8,,0,0,,0,,0,,,,1787282780488
CORE JAVA,Java Features,"Java 17, 21, 25",Records,,false,false,false,false,false,false,false,,0,2,1,8,,0,0,,0,,0,,,,1787282780488
CORE JAVA,Java Features,"Java 17, 21, 25",Pattern Matching for `instanceof`,,false,false,false,false,false,false,false,,0,2,1,8,,0,0,,0,,0,,,,1787282780488
CORE JAVA,Java Features,"Java 17, 21, 25",Switch Expressions,,false,false,false,false,false,false,false,,0,2,1,8,,0,0,,0,,0,,,,1787282780488
CORE JAVA,Java Features,"Java 17, 21, 25",Text Blocks,,false,false,false,false,false,false,false,,0,2,1,8,,0,0,,0,,0,,,,1787282780488
CORE JAVA,Java Features,"Java 17, 21, 25",Helpful NullPointerExceptions,,false,false,false,false,false,false,false,,0,2,1,8,,0,0,,0,,0,,,,1787282780488
CORE JAVA,Java Features,"Java 17, 21, 25",Virtual Threads,,false,false,false,false,false,false,false,,0,2,1,8,,0,0,,0,,0,,,,1787282780488
CORE JAVA,Java Features,"Java 17, 21, 25",Pattern Matching for `switch`,,false,false,false,false,false,false,false,,0,2,1,8,,0,0,,0,,0,,,,1787282780488
CORE JAVA,Java Features,"Java 17, 21, 25",Record Patterns,,false,false,false,false,false,false,false,,0,2,1,8,,0,0,,0,,0,,,,1787282780488
CORE JAVA,Java Features,"Java 17, 21, 25",Sequenced Collections Framework,,false,false,false,false,false,false,false,,0,2,1,8,,0,0,,0,,0,,,,1787282780488
CORE JAVA,Java Features,"Java 17, 21, 25",Generational ZGC,,false,false,false,false,false,false,false,,0,2,1,8,,0,0,,0,,0,,,,1787282780488
CORE JAVA,Java Features,"Java 17, 21, 25",UTF-8 by Default,,false,false,false,false,false,false,false,,0,2,1,8,,0,0,,0,,0,,,,1787282780488
CORE JAVA,Java Features,"Java 17, 21, 25",Unnamed Variables and Patterns,,false,false,false,false,false,false,false,,0,2,1,8,,0,0,,0,,0,,,,1787282780488
CORE JAVA,Java Features,"Java 17, 21, 25",Stream Gatherers,,false,false,false,false,false,false,false,,0,2,1,8,,0,0,,0,,0,,,,1787282780488
CORE JAVA,Java Features,"Java 17, 21, 25",Compact Object Headers,,false,false,false,false,false,false,false,,0,2,1,8,,0,0,,0,,0,,,,1787282780488
CORE JAVA,Java Features,"Java 17, 21, 25",Foreign Function and Memory API,,false,false,false,false,false,false,false,,0,2,1,8,,0,0,,0,,0,,,,1787282780488
CORE JAVA,Java Features,"Java 17, 21, 25",Scoped Values,,false,false,false,false,false,false,false,,0,2,1,8,,0,0,,0,,0,,,,1787282780488
CORE JAVA,Java Features,"Java 17, 21, 25",Markdown Documentation Comments,,false,false,false,false,false,false,false,,0,2,1,8,,0,0,,0,,0,,,,1787282780488
CORE JAVA,Java Features,"Java 17, 21, 25",Implicitly Declared Classes and Instance Main Methods,,false,false,false,false,false,false,false,,0,2,1,8,,0,0,,0,,0,,,,1787282780488
CORE JAVA,Multithreading & Concurrency,Fundamentals & Concepts,What is Multithreading & Concurrency?,,false,false,false,false,false,false,false,,0,2,1,9,,0,0,,0,,0,,,,1787282780488
CORE JAVA,Multithreading & Concurrency,Fundamentals & Concepts,What is the need for threads in Java?,,false,false,false,false,false,false,false,,0,2,1,9,,0,0,,0,,0,,,,1787282780488
CORE JAVA,Multithreading & Concurrency,Fundamentals & Concepts,Process vs Thread (Process-based vs Thread-based Multitasking),,false,false,false,false,false,false,false,,0,2,1,9,,0,0,,0,,0,,,,1787282780488
CORE JAVA,Multithreading & Concurrency,Fundamentals & Concepts,Concurrency vs Parallelism,,false,false,false,false,false,false,false,,0,2,1,9,,0,0,,0,,0,,,,1787282780488
CORE JAVA,Multithreading & Concurrency,Thread Creation & Execution,"Ways to create a thread: Thread class, Runnable interface, Callable interface",,false,false,false,false,false,false,false,,0,2,1,10,,0,0,,0,,0,,,,1787282780488
CORE JAVA,Multithreading & Concurrency,Thread Creation & Execution,Create a thread using Thread,,false,false,false,false,false,false,false,,0,2,1,10,,0,0,,0,,0,,,,1787282780488
CORE JAVA,Multithreading & Concurrency,Thread Creation & Execution,Create a thread using Runnable,,false,false,false,false,false,false,false,,0,2,1,10,,0,0,,0,,0,,,,1787282780488
CORE JAVA,Multithreading & Concurrency,Thread Creation & Execution,Create a thread using Callable,,false,false,false,false,false,false,false,,0,2,1,10,,0,0,,0,,0,,,,1787282780488
CORE JAVA,Multithreading & Concurrency,Thread Creation & Execution,How to run a thread: start() vs run(),,false,false,false,false,false,false,false,,0,2,1,10,,0,0,,0,,0,,,,1787282780488
CORE JAVA,Multithreading & Concurrency,Thread Creation & Execution,What happens when calling start() twice on the same thread?,,false,false,false,false,false,false,false,,0,2,1,10,,0,0,,0,,0,,,,1787282780488
CORE JAVA,Multithreading & Concurrency,Thread Creation & Execution,Runnable vs Callable,,false,false,false,false,false,false,false,,0,2,1,10,,0,0,,0,,0,,,,1787282780488
CORE JAVA,Multithreading & Concurrency,Thread Lifecycle & Control Methods,Thread Lifecycle & States (Thread.State),,false,false,false,false,false,false,false,,0,2,1,11,,0,0,,0,,0,,,,1787282780488
CORE JAVA,Multithreading & Concurrency,Thread Lifecycle & Control Methods,Thread Priority & Thread Naming,,false,false,false,false,false,false,false,,0,2,1,11,,0,0,,0,,0,,,,1787282780488
CORE JAVA,Multithreading & Concurrency,Thread Lifecycle & Control Methods,Daemon Threads,,false,false,false,false,false,false,false,,0,2,1,11,,0,0,,0,,0,,,,1787282780488
CORE JAVA,Multithreading & Concurrency,Thread Lifecycle & Control Methods,"Basic Thread Methods: sleep(), join(), yield()",,false,false,false,false,false,false,false,,0,2,1,11,,0,0,,0,,0,,,,1787282780488
CORE JAVA,Multithreading & Concurrency,Synchronization & Inter-Thread Communication,What is Synchronization?,,false,false,false,false,false,false,false,,0,2,1,12,,0,0,,0,,0,,,,1787282780488
CORE JAVA,Multithreading & Concurrency,Synchronization & Inter-Thread Communication,"Synchronization levels: Method level, Block level, Static vs Instance methods",,false,false,false,false,false,false,false,,0,2,1,12,,0,0,,0,,0,,,,1787282780488
CORE JAVA,Multithreading & Concurrency,Synchronization & Inter-Thread Communication,Object-level locking vs Class-level locking,,false,false,false,false,false,false,false,,0,2,1,12,,0,0,,0,,0,,,,1787282780488
CORE JAVA,Multithreading & Concurrency,Synchronization & Inter-Thread Communication,"Inter-Thread Communication: wait(), notify(), notifyAll()",,false,false,false,false,false,false,false,,0,2,1,12,,0,0,,0,,0,,,,1787282780488
CORE JAVA,Multithreading & Concurrency,Synchronization & Inter-Thread Communication,sleep() vs wait(),,false,false,false,false,false,false,false,,0,2,1,12,,0,0,,0,,0,,,,1787282780488
CORE JAVA,Multithreading & Concurrency,Synchronization & Inter-Thread Communication,What is a Deadlock?,,false,false,false,false,false,false,false,,0,2,1,12,,0,0,,0,,0,,,,1787282780488
CORE JAVA,Multithreading & Concurrency,Synchronization & Inter-Thread Communication,Deadlock example & How to resolve/prevent deadlock,,false,false,false,false,false,false,false,,0,2,1,12,,0,0,,0,,0,,,,1787282780488
CORE JAVA,Multithreading & Concurrency,Memory Model & Low-Level Concurrency,volatile keyword,,false,false,false,false,false,false,false,,0,2,1,13,,0,0,,0,,0,,,,1787282780488
CORE JAVA,Multithreading & Concurrency,Memory Model & Low-Level Concurrency,volatile vs synchronized,,false,false,false,false,false,false,false,,0,2,1,13,,0,0,,0,,0,,,,1787282780488
CORE JAVA,Multithreading & Concurrency,Memory Model & Low-Level Concurrency,Lock-free Programming & CAS (Compare-And-Swap),,false,false,false,false,false,false,false,,0,2,1,13,,0,0,,0,,0,,,,1787282780488
CORE JAVA,Multithreading & Concurrency,Memory Model & Low-Level Concurrency,AtomicInteger vs volatile,,false,false,false,false,false,false,false,,0,2,1,13,,0,0,,0,,0,,,,1787282780488
CORE JAVA,Multithreading & Concurrency,Memory Model & Low-Level Concurrency,AtomicInteger vs Synchronization,,false,false,false,false,false,false,false,,0,2,1,13,,0,0,,0,,0,,,,1787282780488
CORE JAVA,Multithreading & Concurrency,Memory Model & Low-Level Concurrency,Optimistic vs Pessimistic Locking,,false,false,false,false,false,false,false,,0,2,1,13,,0,0,,0,,0,,,,1787282780488
CORE JAVA,Multithreading & Concurrency,Concurrency Utilities & Locking Framework,High-Level Concurrency Utilities (java.util.concurrent),,false,false,false,false,false,false,false,,0,2,1,14,,0,0,,0,,0,,,,1787282780488
CORE JAVA,Multithreading & Concurrency,Concurrency Utilities & Locking Framework,Explicit Locks: synchronized vs Lock / ReentrantLock,,false,false,false,false,false,false,false,,0,2,1,14,,0,0,,0,,0,,,,1787282780488
CORE JAVA,Multithreading & Concurrency,Concurrency Utilities & Locking Framework,Concurrent Collections: ConcurrentHashMap,,false,false,false,false,false,false,false,,0,2,1,14,,0,0,,0,,0,,,,1787282780488
CORE JAVA,Multithreading & Concurrency,Concurrency Utilities & Locking Framework,"Synchronization Helpers: CountDownLatch, Semaphore",,false,false,false,false,false,false,false,,0,2,1,14,,0,0,,0,,0,,,,1787282780488
CORE JAVA,Multithreading & Concurrency,Thread Pools & Asynchronous Execution,Thread Pools & Executor Framework,,false,false,false,false,false,false,false,,0,2,1,15,,0,0,,0,,0,,,,1787282780488
CORE JAVA,Multithreading & Concurrency,Thread Pools & Asynchronous Execution,Why ExecutorService over raw threads?,,false,false,false,false,false,false,false,,0,2,1,15,,0,0,,0,,0,,,,1787282780488
CORE JAVA,Multithreading & Concurrency,Thread Pools & Asynchronous Execution,ExecutorService & Ways to create Executor Services,,false,false,false,false,false,false,false,,0,2,1,15,,0,0,,0,,0,,,,1787282780488
CORE JAVA,Multithreading & Concurrency,Thread Pools & Asynchronous Execution,"How to check task completion: Callable, Future & Future.isDone()",,false,false,false,false,false,false,false,,0,2,1,15,,0,0,,0,,0,,,,1787282780488
CORE JAVA,Multithreading & Concurrency,Thread Pools & Asynchronous Execution,ThreadPoolExecutor vs ForkJoinPool,,false,false,false,false,false,false,false,,0,2,1,15,,0,0,,0,,0,,,,1787282780488
CORE JAVA,Multithreading & Concurrency,Thread Pools & Asynchronous Execution,ExecutorService vs ForkJoin Framework,,false,false,false,false,false,false,false,,0,2,1,15,,0,0,,0,,0,,,,1787282780488
CORE JAVA,Multithreading & Concurrency,Thread Pools & Asynchronous Execution,Parallel Streams,,false,false,false,false,false,false,false,,0,2,1,15,,0,0,,0,,0,,,,1787282780488
CORE JAVA,Multithreading & Concurrency,Thread Pools & Asynchronous Execution,Asynchronous Programming: CompletableFuture,,false,false,false,false,false,false,false,,0,2,1,15,,0,0,,0,,0,,,,1787282780488
CORE JAVA,Multithreading & Concurrency,Concurrency Trade-Offs & Best Practices,When to use synchronized vs Lock vs AtomicInteger vs volatile,,false,false,false,false,false,false,false,,0,2,1,16,,0,0,,0,,0,,,,1787282780488
CORE JAVA,Multithreading & Concurrency,Concurrency Trade-Offs & Best Practices,"Trade-offs in Java Concurrency (synchronized vs Lock, wait/notify vs BlockingQueue, etc.)",,false,false,false,false,false,false,false,,0,2,1,16,,0,0,,0,,0,,,,1787282780488
CORE JAVA,Multithreading & Concurrency,Concurrency Trade-Offs & Best Practices,How to prevent Race Conditions in production,,false,false,false,false,false,false,false,,0,2,1,16,,0,0,,0,,0,,,,1787282780488
CORE JAVA,Multithreading & Concurrency,Practical Coding & Design Challenges,Design a Thread-Safe Singleton,,false,false,false,false,false,false,false,,0,2,1,17,,0,0,,0,,0,,,,1787282780488
CORE JAVA,Multithreading & Concurrency,Practical Coding & Design Challenges,Print Odd-Even using two threads,,false,false,false,false,false,false,false,,0,2,1,17,,0,0,,0,,0,,,,1787282780488
CORE JAVA,Multithreading & Concurrency,Practical Coding & Design Challenges,Print 1 to 100 using three threads,,false,false,false,false,false,false,false,,0,2,1,17,,0,0,,0,,0,,,,1787282780488
CORE JAVA,Multithreading & Concurrency,Practical Coding & Design Challenges,Design Producer-Consumer Pattern,,false,false,false,false,false,false,false,,0,2,1,17,,0,0,,0,,0,,,,1787282780488
CORE JAVA,Multithreading & Concurrency,Practical Coding & Design Challenges,ReentrantLock example,,false,false,false,false,false,false,false,,0,2,1,17,,0,0,,0,,0,,,,1787282780488
CORE JAVA,Multithreading & Concurrency,Practical Coding & Design Challenges,ExecutorService example,,false,false,false,false,false,false,false,,0,2,1,17,,0,0,,0,,0,,,,1787282780488
CORE JAVA,Multithreading & Concurrency,Practical Coding & Design Challenges,CountDownLatch example,,false,false,false,false,false,false,false,,0,2,1,17,,0,0,,0,,0,,,,1787282780488
CORE JAVA,Multithreading & Concurrency,Practical Coding & Design Challenges,Semaphore example,,false,false,false,false,false,false,false,,0,2,1,17,,0,0,,0,,0,,,,1787282780488
CORE JAVA,Multithreading & Concurrency,Practical Coding & Design Challenges,CompletableFuture example,,false,false,false,false,false,false,false,,0,2,1,17,,0,0,,0,,0,,,,1787282780488
CORE JAVA,Multithreading & Concurrency,Practical Coding & Design Challenges,ConcurrentHashMap example,,false,false,false,false,false,false,false,,0,2,1,17,,0,0,,0,,0,,,,1787282780488
CORE JAVA,Multithreading & Concurrency,Practical Coding & Design Challenges,Design a Thread-Safe Cache,,false,false,false,false,false,false,false,,0,2,1,17,,0,0,,0,,0,,,,1787282780488
CORE JAVA,Multithreading & Concurrency,Practical Coding & Design Challenges,Design a Connection Pool,,false,false,false,false,false,false,false,,0,2,1,17,,0,0,,0,,0,,,,1787282780488
CORE JAVA,Multithreading & Concurrency,Practical Coding & Design Challenges,Explain a Multithreading issue solved in production,,false,false,false,false,false,false,false,,0,2,1,17,,0,0,,0,,0,,,,1787282780488
CORE JAVA,I/O In Java,I/O In Java,Java I/O Architecture Overview,,false,false,false,false,false,false,false,,0,2,1,19,,0,0,,0,,0,,,,1787282780488
CORE JAVA,I/O In Java,I/O In Java,I/O Inheritance Hierarchy Diagram,,false,false,false,false,false,false,false,,0,2,1,19,,0,0,,0,,0,,,,1787282780488
CORE JAVA,I/O In Java,I/O In Java,Stream Classifications Based on Data Type,,false,false,false,false,false,false,false,,0,2,1,19,,0,0,,0,,0,,,,1787282780488
CORE JAVA,I/O In Java,I/O In Java,Byte Stream vs Character Stream,,false,false,false,false,false,false,false,,0,2,1,19,,0,0,,0,,0,,,,1787282780488
CORE JAVA,I/O In Java,I/O In Java,InputStream vs Reader,,false,false,false,false,false,false,false,,0,2,1,19,,0,0,,0,,0,,,,1787282780488
CORE JAVA,I/O In Java,I/O In Java,OutputStream vs Writer,,false,false,false,false,false,false,false,,0,2,1,19,,0,0,,0,,0,,,,1787282780488
CORE JAVA,I/O In Java,I/O In Java,"Byte Stream Classes (FileInputStream, FileOutputStream)",,false,false,false,false,false,false,false,,0,2,1,19,,0,0,,0,,0,,,,1787282780488
CORE JAVA,I/O In Java,I/O In Java,"Character Stream Classes (FileReader, FileWriter)",,false,false,false,false,false,false,false,,0,2,1,19,,0,0,,0,,0,,,,1787282780488
CORE JAVA,I/O In Java,I/O In Java,What is Buffering & Why is Buffering Faster?,,false,false,false,false,false,false,false,,0,2,1,19,,0,0,,0,,0,,,,1787282780488
CORE JAVA,I/O In Java,I/O In Java,FileInputStream vs BufferedInputStream & FileOutputStream vs BufferedOutputStream,,false,false,false,false,false,false,false,,0,2,1,19,,0,0,,0,,0,,,,1787282780488
CORE JAVA,I/O In Java,I/O In Java,FileReader vs BufferedReader,,false,false,false,false,false,false,false,,0,2,1,19,,0,0,,0,,0,,,,1787282780488
CORE JAVA,I/O In Java,I/O In Java,BufferedReader vs Scanner,,false,false,false,false,false,false,false,,0,2,1,19,,0,0,,0,,0,,,,1787282780488
CORE JAVA,I/O In Java,I/O In Java,read() vs readLine(),,false,false,false,false,false,false,false,,0,2,1,19,,0,0,,0,,0,,,,1787282780488
CORE JAVA,I/O In Java,I/O In Java,"Bridge Streams (InputStreamReader, OutputStreamWriter)",,false,false,false,false,false,false,false,,0,2,1,19,,0,0,,0,,0,,,,1787282780488
CORE JAVA,I/O In Java,I/O In Java,flush() vs close(),,false,false,false,false,false,false,false,,0,2,1,19,,0,0,,0,,0,,,,1787282780488
CORE JAVA,I/O In Java,I/O In Java,Best Practice to Read a File Example,,false,false,false,false,false,false,false,,0,2,1,19,,0,0,,0,,0,,,,1787282780488
CORE JAVA,I/O In Java,I/O In Java,try-finally vs try-with-resources,,false,false,false,false,false,false,false,,0,2,1,19,,0,0,,0,,0,,,,1787282780488
CORE JAVA,I/O In Java,I/O In Java,File vs Path,,false,false,false,false,false,false,false,,0,2,1,19,,0,0,,0,,0,,,,1787282780488
CORE JAVA,I/O In Java,I/O In Java,File vs Files,,false,false,false,false,false,false,false,,0,2,1,19,,0,0,,0,,0,,,,1787282780488
CORE JAVA,I/O In Java,I/O In Java,Paths.get() vs Path.of(),,false,false,false,false,false,false,false,,0,2,1,19,,0,0,,0,,0,,,,1787282780488
CORE JAVA,I/O In Java,I/O In Java,createNewFile() vs mkdir(),,false,false,false,false,false,false,false,,0,2,1,19,,0,0,,0,,0,,,,1787282780488
CORE JAVA,I/O In Java,I/O In Java,delete() vs deleteIfExists(),,false,false,false,false,false,false,false,,0,2,1,19,,0,0,,0,,0,,,,1787282780488
CORE JAVA,I/O In Java,I/O In Java,Classic I/O (IO) vs New I/O (NIO) vs NIO.2,,false,false,false,false,false,false,false,,0,2,1,19,,0,0,,0,,0,,,,1787282780488
CORE JAVA,I/O In Java,I/O In Java,Stream vs Channel,,false,false,false,false,false,false,false,,0,2,1,19,,0,0,,0,,0,,,,1787282780488
CORE JAVA,I/O In Java,I/O In Java,FileChannel vs Streams,,false,false,false,false,false,false,false,,0,2,1,19,,0,0,,0,,0,,,,1787282780488
CORE JAVA,I/O In Java,I/O In Java,Why is NIO Faster?,,false,false,false,false,false,false,false,,0,2,1,19,,0,0,,0,,0,,,,1787282780488
CORE JAVA,I/O In Java,I/O In Java,Heap Buffer vs Direct Buffer,,false,false,false,false,false,false,false,,0,2,1,19,,0,0,,0,,0,,,,1787282780488
CORE JAVA,I/O In Java,I/O In Java,Explain flip() in ByteBuffer,,false,false,false,false,false,false,false,,0,2,1,19,,0,0,,0,,0,,,,1787282780488
CORE JAVA,I/O In Java,I/O In Java,"Difference between flip(), clear(), and compact()",,false,false,false,false,false,false,false,,0,2,1,19,,0,0,,0,,0,,,,1787282780488
CORE JAVA,I/O In Java,I/O In Java,What is FileChannel?,,false,false,false,false,false,false,false,,0,2,1,19,,0,0,,0,,0,,,,1787282780488
CORE JAVA,I/O In Java,I/O In Java,What is a Memory-Mapped File?,,false,false,false,false,false,false,false,,0,2,1,19,,0,0,,0,,0,,,,1787282780488
CORE JAVA,I/O In Java,I/O In Java,Files.copy() vs FileChannel.transferTo(),,false,false,false,false,false,false,false,,0,2,1,19,,0,0,,0,,0,,,,1787282780488
CORE JAVA,I/O In Java,I/O In Java,How Would You Read a 10 GB File Efficiently?,,false,false,false,false,false,false,false,,0,2,1,19,,0,0,,0,,0,,,,1787282780488
CORE JAVA,I/O In Java,I/O In Java,How Would You Monitor a Directory for File Changes?,,false,false,false,false,false,false,false,,0,2,1,19,,0,0,,0,,0,,,,1787282780488
CORE JAVA,I/O In Java,I/O In Java,What Are Java I/O Best Practices in Production?,,false,false,false,false,false,false,false,,0,2,1,19,,0,0,,0,,0,,,,1787282780488
CORE JAVA,Serialization,Serialization,What is Serialization?,,false,false,false,false,false,false,false,,0,2,1,18,,0,0,,0,,0,,,,1787282780488
CORE JAVA,Serialization,Serialization,What is Deserialization?,,false,false,false,false,false,false,false,,0,2,1,18,,0,0,,0,,0,,,,1787282780488
CORE JAVA,Serialization,Serialization,Why do we need Serialization?,,false,false,false,false,false,false,false,,0,2,1,18,,0,0,,0,,0,,,,1787282780488
CORE JAVA,Serialization,Serialization,What is Serializable interface?,,false,false,false,false,false,false,false,,0,2,1,18,,0,0,,0,,0,,,,1787282780488
CORE JAVA,Serialization,Serialization,Why is Serializable a Marker Interface?,,false,false,false,false,false,false,false,,0,2,1,18,,0,0,,0,,0,,,,1787282780488
CORE JAVA,Serialization,Serialization,How do you serialize and deserialize an object? (ObjectOutputStream / ObjectInputStream),,false,false,false,false,false,false,false,,0,2,1,18,,0,0,,0,,0,,,,1787282780488
CORE JAVA,Serialization,Serialization,What is transient variable?,,false,false,false,false,false,false,false,,0,2,1,18,,0,0,,0,,0,,,,1787282780488
CORE JAVA,Serialization,Serialization,Can static variables be serialized?,,false,false,false,false,false,false,false,,0,2,1,18,,0,0,,0,,0,,,,1787282780488
CORE JAVA,Serialization,Serialization,What is serialVersionUID?,,false,false,false,false,false,false,false,,0,2,1,18,,0,0,,0,,0,,,,1787282780488
CORE JAVA,Serialization,Serialization,What happens if serialVersionUID changes?,,false,false,false,false,false,false,false,,0,2,1,18,,0,0,,0,,0,,,,1787282780488
CORE JAVA,Serialization,Serialization,What is NotSerializableException?,,false,false,false,false,false,false,false,,0,2,1,18,,0,0,,0,,0,,,,1787282780488
CORE JAVA,Serialization,Serialization,What happens if an object contains another non-serializable object?,,false,false,false,false,false,false,false,,0,2,1,18,,0,0,,0,,0,,,,1787282780488
CORE JAVA,Serialization,Serialization,"Parent Serializable, Child not Serializableâwhat happens?",,false,false,false,false,false,false,false,,0,2,1,18,,0,0,,0,,0,,,,1787282780488
CORE JAVA,Serialization,Serialization,"Child Serializable, Parent not Serializableâwhat happens?",,false,false,false,false,false,false,false,,0,2,1,18,,0,0,,0,,0,,,,1787282780488
CORE JAVA,Serialization,Serialization,Custom serialization: How do writeObject() and readObject() work?,,false,false,false,false,false,false,false,,0,2,1,18,,0,0,,0,,0,,,,1787282780488
CORE JAVA,Serialization,Serialization,What is readResolve()?,,false,false,false,false,false,false,false,,0,2,1,18,,0,0,,0,,0,,,,1787282780488
CORE JAVA,Serialization,Serialization,How does Serialization break Singleton pattern?,,false,false,false,false,false,false,false,,0,2,1,18,,0,0,,0,,0,,,,1787282780488
CORE JAVA,Serialization,Serialization,Difference between Serializable and Externalizable,,false,false,false,false,false,false,false,,0,2,1,18,,0,0,,0,,0,,,,1787282780488
CORE JAVA,Serialization,Serialization,What are the disadvantages of Java Serialization?,,false,false,false,false,false,false,false,,0,2,1,18,,0,0,,0,,0,,,,1787282780488
CORE JAVA,Serialization,Serialization,Why do modern applications prefer JSON/Protobuf/Kryo over Java Serialization?,,false,false,false,false,false,false,false,,0,2,1,18,,0,0,,0,,0,,,,1787282780488
CORE JAVA,JDBC,JDBC,Explain JDBC Architecture,,false,false,false,false,false,false,false,,0,2,1,20,,0,0,,0,,0,,,,1787282780488
CORE JAVA,JDBC,JDBC,JDBC workflow,,false,false,false,false,false,false,false,,0,2,1,20,,0,0,,0,,0,,,,1787282780488
CORE JAVA,JDBC,JDBC,Types of JDBC drivers,,false,false,false,false,false,false,false,,0,2,1,20,,0,0,,0,,0,,,,1787282780488
CORE JAVA,JDBC,JDBC,DriverManager vs Connection,,false,false,false,false,false,false,false,,0,2,1,20,,0,0,,0,,0,,,,1787282780488
CORE JAVA,JDBC,JDBC,Statement vs PreparedStatement vs CallableStatement,,false,false,false,false,false,false,false,,0,2,1,20,,0,0,,0,,0,,,,1787282780488
CORE JAVA,JDBC,JDBC,Why PreparedStatement prevents SQL Injection,,false,false,false,false,false,false,false,,0,2,1,20,,0,0,,0,,0,,,,1787282780488
CORE JAVA,JDBC,JDBC,executeQuery() vs executeUpdate() vs execute(),,false,false,false,false,false,false,false,,0,2,1,20,,0,0,,0,,0,,,,1787282780488
CORE JAVA,JDBC,JDBC,What is ResultSet?,,false,false,false,false,false,false,false,,0,2,1,20,,0,0,,0,,0,,,,1787282780488
CORE JAVA,JDBC,JDBC,Types of ResultSet,,false,false,false,false,false,false,false,,0,2,1,20,,0,0,,0,,0,,,,1787282780488
CORE JAVA,JDBC,JDBC,What is AutoCommit?,,false,false,false,false,false,false,false,,0,2,1,20,,0,0,,0,,0,,,,1787282780488
CORE JAVA,JDBC,JDBC,Commit vs Rollback,,false,false,false,false,false,false,false,,0,2,1,20,,0,0,,0,,0,,,,1787282780488
CORE JAVA,JDBC,JDBC,Savepoint,,false,false,false,false,false,false,false,,0,2,1,20,,0,0,,0,,0,,,,1787282780488
CORE JAVA,JDBC,JDBC,How transactions work,,false,false,false,false,false,false,false,,0,2,1,20,,0,0,,0,,0,,,,1787282780488
CORE JAVA,JDBC,JDBC,SQLException,,false,false,false,false,false,false,false,,0,2,1,20,,0,0,,0,,0,,,,1787282780488
CORE JAVA,JDBC,JDBC,Try-with-resources,,false,false,false,false,false,false,false,,0,2,1,20,,0,0,,0,,0,,,,1787282780488
CORE JAVA,JDBC,JDBC,Connection Pooling,,false,false,false,false,false,false,false,,0,2,1,20,,0,0,,0,,0,,,,1787282780488
CORE JAVA,JDBC,JDBC,HikariCP,,false,false,false,false,false,false,false,,0,2,1,20,,0,0,,0,,0,,,,1787282780488
CORE JAVA,JDBC,JDBC,Batch Processing,,false,false,false,false,false,false,false,,0,2,1,20,,0,0,,0,,0,,,,1787282780488
CORE JAVA,JDBC,JDBC,DatabaseMetaData vs ResultSetMetaData,,false,false,false,false,false,false,false,,0,2,1,20,,0,0,,0,,0,,,,1787282780488
CORE JAVA,JDBC,JDBC,Best practices for writing production-quality JDBC code,,false,false,false,false,false,false,false,,0,2,1,20,,0,0,,0,,0,,,,1787282780488
CORE JAVA,Misc,Misc,What are Generics?,,false,false,false,false,false,false,false,,0,2,1,21,,0,0,,0,,0,,,,1787282780488
CORE JAVA,Misc,Misc,Why do we need Generics?,,false,false,false,false,false,false,false,,0,2,1,21,,0,0,,0,,0,,,,1787282780488
CORE JAVA,Misc,Misc,Real-world use of Generics in the Java Collections Framework,,false,false,false,false,false,false,false,,0,2,1,21,,0,0,,0,,0,,,,1787282780488
CORE JAVA,Misc,Misc,Generic Class vs Generic Method,,false,false,false,false,false,false,false,,0,2,1,21,,0,0,,0,,0,,,,1787282780488
CORE JAVA,Misc,Misc,Raw Type vs Generic Type,,false,false,false,false,false,false,false,,0,2,1,21,,0,0,,0,,0,,,,1787282780488
CORE JAVA,Misc,Misc,Type Inference and Diamond Operator,,false,false,false,false,false,false,false,,0,2,1,21,,0,0,,0,,0,,,,1787282780488
CORE JAVA,Misc,Misc,Why can't Generics use primitives?,,false,false,false,false,false,false,false,,0,2,1,21,,0,0,,0,,0,,,,1787282780488
CORE JAVA,Misc,Misc,Why can't we do new T()?,,false,false,false,false,false,false,false,,0,2,1,21,,0,0,,0,,0,,,,1787282780488
CORE JAVA,Misc,Misc,Why can't Generic Arrays be created?,,false,false,false,false,false,false,false,,0,2,1,21,,0,0,,0,,0,,,,1787282780488
CORE JAVA,Misc,Misc,Why is `List<Integer>` not a subtype of `List<Number>`?,,false,false,false,false,false,false,false,,0,2,1,21,,0,0,,0,,0,,,,1787282780488
CORE JAVA,Misc,Misc,What are Bounded Type Parameters?,,false,false,false,false,false,false,false,,0,2,1,21,,0,0,,0,,0,,,,1787282780488
CORE JAVA,Misc,Misc,Multiple Bounds (T extends A & B),,false,false,false,false,false,false,false,,0,2,1,21,,0,0,,0,,0,,,,1787282780488
CORE JAVA,Misc,Misc,Generic Wildcards,,false,false,false,false,false,false,false,,0,2,1,21,,0,0,,0,,0,,,,1787282780488
CORE JAVA,Misc,Misc,`List<?>` vs `List<Object>`,,false,false,false,false,false,false,false,,0,2,1,21,,0,0,,0,,0,,,,1787282780488
CORE JAVA,Misc,Misc,Wildcard Upper vs Lower Bounds (extends vs super),,false,false,false,false,false,false,false,,0,2,1,21,,0,0,,0,,0,,,,1787282780488
CORE JAVA,Misc,Misc,"Explain PECS (Producer Extends, Consumer Super)",,false,false,false,false,false,false,false,,0,2,1,21,,0,0,,0,,0,,,,1787282780488
CORE JAVA,Misc,Misc,Generic Functional Interfaces,,false,false,false,false,false,false,false,,0,2,1,21,,0,0,,0,,0,,,,1787282780488
CORE JAVA,Misc,Misc,What is Type Erasure?,,false,false,false,false,false,false,false,,0,2,1,21,,0,0,,0,,0,,,,1787282780488
CORE JAVA,Misc,Misc,Bridge Methods,,false,false,false,false,false,false,false,,0,2,1,21,,0,0,,0,,0,,,,1787282780488
CORE JAVA,Misc,Misc,Heap Pollution,,false,false,false,false,false,false,false,,0,2,1,21,,0,0,,0,,0,,,,1787282780488
SPRING ECOSYSTEM,Spring Core & DI,Spring Core & DI,Explain Spring IoC container lifecycle. Bean creation flow end-to-end?,,false,false,false,false,false,false,false,hard,0,3,0,0,,0,0,,0,,0,,,,1787452367314
SPRING ECOSYSTEM,Spring Core & DI,Spring Core & DI,Singleton vs Prototype vs Request vs Session scope. Production implications?,,false,false,false,false,false,false,false,easy,0,3,0,0,,0,0,,0,,0,,,,1787284400673
SPRING ECOSYSTEM,Spring Core & DI,Spring Core & DI,@Autowired vs @Inject vs constructor injection. Which & why?,,false,false,false,false,false,false,false,,0,3,0,0,,0,0,,0,,0,,,,1787284400673
SPRING ECOSYSTEM,Spring Core & DI,Spring Core & DI,Circular dependency in beans. What happens? How to fix?,,false,false,false,false,false,false,false,,0,3,0,0,,0,0,,0,,0,,,,1787284400673
SPRING ECOSYSTEM,Spring Core & DI,Spring Core & DI,@Lazy annotation. When use? Performance implications?,"<h4>When to Use</h4><ul><li>For heavy, rarely used beans that slow down startup.</li><li>To resolve complex circular dependencies by lazy-loading an injection point.</li><li>For environment-specific or profile-dependent beans</li></ul><pre><code class=""language-java"">import org.springframework.context.annotation.Lazy;
import org.springframework.stereotype.Component;

@Component
@Lazy // Bean is NOT created at application startup
public class HeavyReportService {
    public HeavyReportService() {
        System.out.println(""HeavyReportService initialized!"");
    }

    public void generateReport() {
        System.out.println(""Generating report..."");
    }
}
</code></pre>",false,false,false,false,false,false,false,,0,3,0,0,,0,0,,0,,0,,,,1787678050075
SPRING ECOSYSTEM,Spring Core & DI,Spring Core & DI,BeanPostProcessor & BeanFactoryPostProcessor. Real-world use cases?,,false,false,false,false,false,false,false,,0,3,0,0,,0,0,,0,,0,,,,1787674386284
SPRING ECOSYSTEM,Spring Core & DI,Spring Core & DI,ApplicationContext vs BeanFactory. When each?,,false,false,false,false,false,false,false,,0,3,0,0,,0,0,,0,,0,,,,1787284400673
SPRING ECOSYSTEM,Spring Core & DI,Spring Core & DI,@Configuration vs @Component. Difference in bean creation?,,false,false,false,false,false,false,false,,0,3,0,0,,0,0,,0,,0,,"[""FAQ""]",,1787452502278
SPRING ECOSYSTEM,Spring Core & DI,Spring Core & DI,Bean initialization: @PostConstruct vs InitializingBean vs init-method. Which preferred?,,false,false,false,false,false,false,false,,0,3,0,0,,0,0,,0,,0,,,,1787284400673
SPRING ECOSYSTEM,Spring Core & DI,Spring Core & DI,Bean destruction: @PreDestroy vs DisposableBean vs destroy-method. Cleanup order?,,false,false,false,false,false,false,false,,0,3,0,0,,0,0,,0,,0,,,,1787284400673
SPRING ECOSYSTEM,Spring MVC & Web,Spring MVC & Web,Explain DispatcherServlet request flow end-to-end.,<ul><li><strong>Intercept</strong>: DispatcherServlet receives the incoming HTTP request.</li><li><strong>Identify</strong>: It queries HandlerMapping to find the appropriate controller.</li><li><strong>Execute</strong>: HandlerAdapter invokes the controller's business logic method.</li><li><strong>Return</strong>: Controller returns a ModelAndView object to DispatcherServlet.</li><li><strong>Resolve</strong>: ViewResolver translates the logical view name into a physical view.</li><li><strong>Render</strong>: The view template renders the model data and returns the response.</li></ul>,false,false,false,false,false,false,false,easy,0,3,1,2,,0,0,,0,,0,,,,1787284400673
SPRING ECOSYSTEM,Spring MVC & Web,Spring MVC & Web,HandlerMapping vs HandlerAdapter. Roles?,,false,false,false,false,false,false,false,,3,3,1,2,,0,0,,0,,0,,,,1787284400673
SPRING ECOSYSTEM,Spring MVC & Web,Spring MVC & Web,@RequestMapping vs @GetMapping vs @PostMapping. Differences?,,false,false,false,false,false,false,false,,4,3,1,2,,0,0,,0,,0,,,,1787284400673
SPRING ECOSYSTEM,Spring MVC & Web,Spring MVC & Web,@RequestParam vs @PathVariable vs @RequestBody. When each?,,false,false,false,false,false,false,false,,5,3,1,2,,0,0,,0,,0,,,,1787284400673
SPRING ECOSYSTEM,Spring MVC & Web,Spring MVC & Web,@ControllerAdvice vs @RestControllerAdvice. Exception handling difference?,,false,false,false,false,false,false,false,,6,3,1,2,,0,0,,0,,0,,,,1787284400673
SPRING ECOSYSTEM,Spring MVC & Web,Spring MVC & Web,@ExceptionHandler vs global error handling. Order of execution?,,false,false,false,false,false,false,false,,7,3,1,2,,0,0,,0,,0,,,,1787284400673
SPRING ECOSYSTEM,Spring MVC & Web,Spring MVC & Web,Interceptor vs Filter. Difference? Which for authentication?,,false,false,false,false,false,false,false,,8,3,1,2,,0,0,,0,,0,,,,1787284400673
SPRING ECOSYSTEM,Spring MVC & Web,Spring MVC & Web,CORS configuration. How does preflight work? Spring setup?,"<ul><li><strong>Trigger:</strong> The browser detects a cross-origin request with custom parameters or methods.<li><strong>OPTIONS Request:</strong> The browser sends an OPTIONS call with headers like Access-Control-Request-Method.</li><li><strong>Server Check:</strong> Spring evaluates the request against your defined CORS rules.</li><li><strong>Approval:</strong> If allowed, Spring replies with Access-Control-Allow-* headers, and the browser fires the actual request.</li></li></ul>",false,false,false,false,false,false,false,,9,3,1,2,,0,0,,0,,0,,,,1787284400673
SPRING ECOSYSTEM,Spring MVC & Web,Spring MVC & Web,Content negotiation in Spring. How does it work?,,false,false,false,false,false,false,false,,2,3,1,2,,0,0,,0,,0,,,,1787284400673
SPRING ECOSYSTEM,Spring MVC & Web,Spring MVC & Web,View Resolution. What happens behind ViewResolver?,,false,false,false,false,false,false,false,,1,3,1,2,,0,0,,0,,0,,,,1787284400673
SPRING ECOSYSTEM,Hibernate & JPA,Hibernate,Entity lifecycle: New → Managed → Detached → Removed. State transitions?,,false,false,false,false,false,false,false,,0,3,3,6,,0,0,,0,,0,,,,1787284400673
SPRING ECOSYSTEM,Hibernate & JPA,Hibernate,@Transactional propagation: REQUIRED vs REQUIRES_NEW vs NESTED. Implications?,,false,false,false,false,false,false,false,,0,3,3,6,,0,0,,0,,0,,,,1787284400673
SPRING ECOSYSTEM,Hibernate & JPA,Hibernate,Lazy loading vs Eager loading. N+1 query problem? How to fix?,,false,false,false,false,false,false,false,,0,3,3,6,,0,0,,0,,0,,,,1787284400673
SPRING ECOSYSTEM,Hibernate & JPA,Hibernate,@OneToMany vs @ManyToOne vs @ManyToMany. Cascade types when?,,false,false,false,false,false,false,false,,0,3,3,6,,0,0,,0,,0,,,,1787284400673
SPRING ECOSYSTEM,Hibernate & JPA,Hibernate,orphanRemoval vs cascadeType.REMOVE. Difference?,,false,false,false,false,false,false,false,,0,3,3,6,,0,0,,0,,0,,,,1787284400673
SPRING ECOSYSTEM,Hibernate & JPA,Hibernate,Session cache vs L2 cache. What's cached? Performance gain?,,false,false,false,false,false,false,false,,0,3,3,6,,0,0,,0,,0,,,,1787284400673
SPRING ECOSYSTEM,Hibernate & JPA,Hibernate,@Transactional rollback behavior. Checked vs Unchecked exceptions?,,false,false,false,false,false,false,false,,0,3,3,6,,0,0,,0,,0,,,,1787284400673
SPRING ECOSYSTEM,Hibernate & JPA,Hibernate,Hibernate proxy objects. Why LazyInitializationException occurs?,,false,false,false,false,false,false,false,,0,3,3,6,,0,0,,0,,0,,,,1787284400673
SPRING ECOSYSTEM,Hibernate & JPA,Hibernate,@Query with native SQL vs JPQL. When each?,,false,false,false,false,false,false,false,,0,3,3,6,,0,0,,0,,0,,,,1787284400673
SPRING ECOSYSTEM,Hibernate & JPA,Hibernate,Criteria API vs QueryDSL vs JPA. Performance difference?,,false,false,false,false,false,false,false,,0,3,3,6,,0,0,,0,,0,,,,1787284400673
SPRING ECOSYSTEM,Hibernate & JPA,Hibernate,Optimistic locking vs Pessimistic locking. @Version behavior?,,false,false,false,false,false,false,false,,0,3,3,6,,0,0,,0,,0,,,,1787284400673
SPRING ECOSYSTEM,Hibernate & JPA,Hibernate,Hibernate dialect. Why needed? Custom implementation?,,false,false,false,false,false,false,false,,0,3,3,6,,0,0,,0,,0,,,,1787284400673
SPRING ECOSYSTEM,Hibernate & JPA,Spring Data JPA,@Repository vs @Service. Separation of concerns?,,false,false,false,false,false,false,false,,0,3,3,7,,0,0,,0,,0,,,,1787284400673
SPRING ECOSYSTEM,Hibernate & JPA,Spring Data JPA,CrudRepository vs JpaRepository vs PagingAndSortingRepository?,,false,false,false,false,false,false,false,,0,3,3,7,,0,0,,0,,0,,,,1787284400673
SPRING ECOSYSTEM,Hibernate & JPA,Spring Data JPA,Custom repository implementation. How to add business logic to repo layer?,,false,false,false,false,false,false,false,,0,3,3,7,,0,0,,0,,0,,,,1787284400673
SPRING ECOSYSTEM,Hibernate & JPA,Spring Data JPA,@Query derivation. Complex queries—when override?,,false,false,false,false,false,false,false,,0,3,3,7,,0,0,,0,,0,,,,1787284400673
SPRING ECOSYSTEM,Hibernate & JPA,Spring Data JPA,Projections in Spring Data. Performance benefit?,,false,false,false,false,false,false,false,,0,3,3,7,,0,0,,0,,0,,,,1787284400673
SPRING ECOSYSTEM,Hibernate & JPA,Spring Data JPA,Specifications for dynamic queries. Real-world use case?,,false,false,false,false,false,false,false,,0,3,3,7,,0,0,,0,,0,,,,1787284400673
SPRING ECOSYSTEM,Hibernate & JPA,Spring Data JPA,Batch operations in Spring Data. Performance vs single inserts?,,false,false,false,false,false,false,false,,0,3,3,7,,0,0,,0,,0,,,,1787284400673
SPRING ECOSYSTEM,Hibernate & JPA,Spring Data JPA,"Auditing with @CreatedBy, @LastModifiedDate. How it works?",,false,false,false,false,false,false,false,,0,3,3,7,,0,0,,0,,0,,,,1787284400673
SPRING ECOSYSTEM,Hibernate & JPA,Spring Data MongoDB,Document storage vs Relational. When MongoDB over SQL?,,false,false,false,false,false,false,false,,0,3,3,24,,0,0,,0,,0,,,,1787284400673
SPRING ECOSYSTEM,Hibernate & JPA,Spring Data MongoDB,@Document vs @Collection. Difference?,,false,false,false,false,false,false,false,,0,3,3,24,,0,0,,0,,0,,,,1787284400673
SPRING ECOSYSTEM,Hibernate & JPA,Spring Data MongoDB,MongoTemplate vs MongoRepository. When each?,,false,false,false,false,false,false,false,,0,3,3,24,,0,0,,0,,0,,,,1787284400673
SPRING ECOSYSTEM,Hibernate & JPA,Spring Data MongoDB,Aggregation pipeline in Spring Data. Performance?,,false,false,false,false,false,false,false,,0,3,3,24,,0,0,,0,,0,,,,1787284400673
SPRING ECOSYSTEM,Hibernate & JPA,Spring Data MongoDB,Indexing in MongoDB. Performance tuning?,,false,false,false,false,false,false,false,,0,3,3,24,,0,0,,0,,0,,,,1787284400673
SPRING ECOSYSTEM,Spring Boot,Spring Boot,Spring Boot auto-configuration. How does it work? @EnableAutoConfiguration?,,false,false,false,false,false,false,false,,0,3,2,1,,0,0,,0,,0,,,,1787284400673
SPRING ECOSYSTEM,Spring Boot,Spring Boot,application.properties vs application.yml. Precedence?,,false,false,false,false,false,false,false,,0,3,2,1,,0,0,,0,,0,,,,1787284400673
SPRING ECOSYSTEM,Spring Boot,Spring Boot,Embedded server (Tomcat/Netty). Pros vs standalone WAR?,,false,false,false,false,false,false,false,,0,3,2,1,,0,0,,0,,0,,,,1787284400673
SPRING ECOSYSTEM,Spring Boot,Spring Boot,"Actuator endpoints. Security implications? /health, /metrics usage?",,false,false,false,false,false,false,false,,0,3,2,1,,0,0,,0,,0,,,,1787284400673
SPRING ECOSYSTEM,Spring Boot,Spring Boot,Custom Actuator endpoints. How to create?,,false,false,false,false,false,false,false,,0,3,2,1,,0,0,,0,,0,,,,1787284400673
SPRING ECOSYSTEM,Spring Boot,Spring Boot,Starter dependencies. What's under the hood?,,false,false,false,false,false,false,false,,0,3,2,1,,0,0,,0,,0,,,,1787284400673
SPRING ECOSYSTEM,Spring Boot,Spring Boot,Profile-specific configuration. application-{profile}.properties logic?,,false,false,false,false,false,false,false,,0,3,2,1,,0,0,,0,,0,,,,1787284400673
SPRING ECOSYSTEM,Spring Boot,Spring Boot,"Conditional beans: @ConditionalOnProperty, @ConditionalOnClass. Real use case?",,false,false,false,false,false,false,false,,0,3,2,1,,0,0,,0,,0,,,,1787284400673
SPRING ECOSYSTEM,Spring Boot,Spring Boot,CommandLineRunner vs ApplicationRunner. Startup logic?,,false,false,false,false,false,false,false,,0,3,2,1,,0,0,,0,,0,,,,1787284400673
SPRING ECOSYSTEM,Spring Boot,Spring Boot,Spring Boot testing: @SpringBootTest vs @WebMvcTest vs @DataJpaTest?,,false,false,false,false,false,false,false,,0,3,2,1,,0,0,,0,,0,,,,1787284400673
SPRING ECOSYSTEM,Spring Security,Spring Security,Authentication vs Authorization. Spring Security architecture?,,false,false,false,false,false,false,false,,0,3,7,10,,0,0,,0,,0,,,,1787284400673
SPRING ECOSYSTEM,Spring Security,Spring Security,SecurityContextHolder & Authentication object. When populated?,,false,false,false,false,false,false,false,,0,3,7,10,,0,0,,0,,0,,,,1787284400673
SPRING ECOSYSTEM,Spring Security,Spring Security,UserDetailsService vs UserDetails. Custom implementation?,,false,false,false,false,false,false,false,,0,3,7,10,,0,0,,0,,0,,,,1787284400673
SPRING ECOSYSTEM,Spring Security,Spring Security,PasswordEncoder. Why BCrypt? Salting mechanism?,,false,false,false,false,false,false,false,,0,3,7,10,,0,0,,0,,0,,,,1787284400673
SPRING ECOSYSTEM,Spring Security,Spring Security,OAuth2 flow: Authorization Code vs Client Credentials vs Implicit. When each?,,false,false,false,false,false,false,false,,0,3,7,10,,0,0,,0,,0,,,,1787284400673
SPRING ECOSYSTEM,Spring Security,Spring Security,JWT vs Session-based authentication. Trade-offs?,,false,false,false,false,false,false,false,,0,3,7,10,,0,0,,0,,0,,,,1787284400673
SPRING ECOSYSTEM,Spring Security,Spring Security,CSRF protection mechanism. How does Spring prevent it?,,false,false,false,false,false,false,false,,0,3,7,10,,0,0,,0,,0,,,,1787284400673
SPRING ECOSYSTEM,Spring Security,Spring Security,CORS in Spring Security. Configuration precedence?,,false,false,false,false,false,false,false,,0,3,7,10,,0,0,,0,,0,,,,1787284400673
SPRING ECOSYSTEM,Spring Security,Spring Security,SecurityFilterChain order. Custom filters—where to add?,,false,false,false,false,false,false,false,,0,3,7,10,,0,0,,0,,0,,,,1787284400673
SPRING ECOSYSTEM,Spring Security,Spring Security,@PreAuthorize vs @Secured vs @RolesAllowed. Difference?,,false,false,false,false,false,false,false,,0,3,7,10,,0,0,,0,,0,,,,1787284400673
SPRING ECOSYSTEM,Spring Security,Spring Security,Method-level security. How AOP implements it?,,false,false,false,false,false,false,false,,0,3,7,10,,0,0,,0,,0,,,,1787284400673
SPRING ECOSYSTEM,Spring Security,Spring Security,OAuth2 resource server. Token validation flow?,,false,false,false,false,false,false,false,,0,3,7,10,,0,0,,0,,0,,,,1787284400673
SPRING ECOSYSTEM,Spring Security,Spring Security,Refresh token rotation. Expiry strategy?,,false,false,false,false,false,false,false,,0,3,7,10,,0,0,,0,,0,,,,1787284400673
SPRING ECOSYSTEM,Spring Security,Spring Security,HttpSession vs JWT in distributed systems. Sticky sessions?,,false,false,false,false,false,false,false,,0,3,7,10,,0,0,,0,,0,,,,1787284400673
SPRING ECOSYSTEM,AOP,AOP,"Aspects, Joinpoints, Pointcuts, Advice. Terminology?",<ul><li>Adds behavior without modifying actual code</li></ul>,false,false,false,false,false,false,false,,0,3,5,9,,0,0,,0,,0,,,,1787449145499
SPRING ECOSYSTEM,AOP,AOP,@Aspect vs XML configuration. Which preferred?,,false,false,false,false,false,false,false,,0,3,5,9,,0,0,,0,,0,,,,1787284400673
SPRING ECOSYSTEM,AOP,AOP,"Advice types: @Before, @After, @Around, @AfterReturning, @AfterThrowing. When each?",,false,false,false,false,false,false,false,,0,3,5,9,,0,0,,0,,0,,,,1787284400673
SPRING ECOSYSTEM,AOP,AOP,Pointcut expressions. Complex matching scenarios?,,false,false,false,false,false,false,false,,0,3,5,9,,0,0,,0,,0,,,,1787284400673
SPRING ECOSYSTEM,AOP,AOP,Proxy creation: JDK dynamic vs CGLIB. When each?,,false,false,false,false,false,false,false,,0,3,5,9,,0,0,,0,,0,,,,1787284400673
SPRING ECOSYSTEM,AOP,AOP,Weaving: compile-time vs load-time vs runtime. Spring uses which?,,false,false,false,false,false,false,false,,0,3,5,9,,0,0,,0,,0,,,,1787284400673
SPRING ECOSYSTEM,AOP,AOP,AOP performance cost. Optimizations?,,false,false,false,false,false,false,false,,0,3,5,9,,0,0,,0,,0,,,,1787284400673
SPRING ECOSYSTEM,Hibernate & JPA,Transactions,@Transactional on class vs method. Inheritance behavior?,,false,false,false,false,false,false,false,,0,3,3,8,,0,0,,0,,0,,,,1787284400673
SPRING ECOSYSTEM,Hibernate & JPA,Transactions,Propagation levels: REQUIRED vs REQUIRES_NEW vs NESTED. Real scenarios?,,false,false,false,false,false,false,false,,0,3,3,8,,0,0,,0,,0,,,,1787284400673
SPRING ECOSYSTEM,Hibernate & JPA,Transactions,Isolation levels: READ_UNCOMMITTED vs READ_COMMITTED vs REPEATABLE_READ vs SERIALIZABLE?,,false,false,false,false,false,false,false,,0,3,3,8,,0,0,,0,,0,,,,1787284400673
SPRING ECOSYSTEM,Hibernate & JPA,Transactions,TransactionManager vs PlatformTransactionManager. Abstraction?,,false,false,false,false,false,false,false,,0,3,3,8,,0,0,,0,,0,,,,1787284400673
SPRING ECOSYSTEM,Hibernate & JPA,Transactions,Declarative vs Programmatic transactions. Trade-offs?,,false,false,false,false,false,false,false,,0,3,3,8,,0,0,,0,,0,,,,1787284400673
SPRING ECOSYSTEM,Hibernate & JPA,Transactions,@Transactional(readOnly=true) optimization?,,false,false,false,false,false,false,false,,0,3,3,8,,0,0,,0,,0,,,,1787284400673
SPRING ECOSYSTEM,Hibernate & JPA,Transactions,Distributed transactions: Two-phase commit? Saga pattern?,,false,false,false,false,false,false,false,,0,3,3,8,,0,0,,0,,0,,,,1787284400673
SPRING ECOSYSTEM,Hibernate & JPA,Transactions,Transaction boundary problems. Service layer placement?,,false,false,false,false,false,false,false,,0,3,3,8,,0,0,,0,,0,,,,1787284400673
SPRING ECOSYSTEM,Hibernate & JPA,Transactions,Rollback behavior: when does it happen? Custom rules?,,false,false,false,false,false,false,false,,0,3,3,8,,0,0,,0,,0,,,,1787284400673
SPRING ECOSYSTEM,Spring Cloud,Service Discovery & Load Balancing,Eureka server vs client. Registration flow?,,false,false,false,false,false,false,false,,0,3,4,15,,0,0,,0,,0,,,,1787284400673
SPRING ECOSYSTEM,Spring Cloud,Service Discovery & Load Balancing,Service discovery in production. Heartbeat & eviction?,,false,false,false,false,false,false,false,,0,3,4,15,,0,0,,0,,0,,,,1787284400673
SPRING ECOSYSTEM,Spring Cloud,Service Discovery & Load Balancing,Client-side vs Server-side load balancing. Spring implementation?,,false,false,false,false,false,false,false,,0,3,4,15,,0,0,,0,,0,,,,1787284400673
SPRING ECOSYSTEM,Spring Cloud,Service Discovery & Load Balancing,Ribbon & LoadBalancer. Difference? Latest recommendation?,,false,false,false,false,false,false,false,,0,3,4,15,,0,0,,0,,0,,,,1787284400673
SPRING ECOSYSTEM,Spring Cloud,Service Discovery & Load Balancing,Service registration & discovery challenges. Consistency issues?,,false,false,false,false,false,false,false,,0,3,4,15,,0,0,,0,,0,,,,1787284400673
SPRING ECOSYSTEM,Spring Cloud,API Gateway & Routing,Spring Cloud Gateway vs Zuul. Difference? Why Gateway now?,,false,false,false,false,false,false,false,,0,3,4,16,,0,0,,0,,0,,,,1787284400673
SPRING ECOSYSTEM,Spring Cloud,API Gateway & Routing,Route predicates vs filters. When each?,,false,false,false,false,false,false,false,,0,3,4,16,,0,0,,0,,0,,,,1787284400673
SPRING ECOSYSTEM,Spring Cloud,API Gateway & Routing,Rate limiting & throttling at gateway. Algorithms?,,false,false,false,false,false,false,false,,0,3,4,16,,0,0,,0,,0,,,,1787284400673
SPRING ECOSYSTEM,Spring Cloud,API Gateway & Routing,Path rewriting. Configuration?,,false,false,false,false,false,false,false,,0,3,4,16,,0,0,,0,,0,,,,1787284400673
SPRING ECOSYSTEM,Spring Cloud,API Gateway & Routing,Global exception handling in gateway. Propagation to clients?,,false,false,false,false,false,false,false,,0,3,4,16,,0,0,,0,,0,,,,1787284400673
SPRING ECOSYSTEM,Spring Cloud,Config Management,Spring Cloud Config Server. Centralized configuration management?,,false,false,false,false,false,false,false,,0,3,4,14,,0,0,,0,,0,,,,1787284400673
SPRING ECOSYSTEM,Spring Cloud,Config Management,Profile-specific config resolution. Precedence rules?,,false,false,false,false,false,false,false,,0,3,4,14,,0,0,,0,,0,,,,1787284400673
SPRING ECOSYSTEM,Spring Cloud,Config Management,Config refresh: @RefreshScope vs manual restart?,,false,false,false,false,false,false,false,,0,3,4,14,,0,0,,0,,0,,,,1787284400673
SPRING ECOSYSTEM,Spring Cloud,Config Management,Encryption in config server. Production security?,,false,false,false,false,false,false,false,,0,3,4,14,,0,0,,0,,0,,,,1787284400673
SPRING ECOSYSTEM,Spring Cloud,Config Management,Config versioning & rollback strategy?,,false,false,false,false,false,false,false,,0,3,4,14,,0,0,,0,,0,,,,1787284400673
SPRING ECOSYSTEM,Spring Cloud,Circuit Breaker & Resilience,Circuit breaker states: CLOSED vs OPEN vs HALF_OPEN. Transitions?,,false,false,false,false,false,false,false,,0,3,4,17,,0,0,,0,,0,,,,1787284400673
SPRING ECOSYSTEM,Spring Cloud,Circuit Breaker & Resilience,Resilience4j vs Spring Retry. When each?,,false,false,false,false,false,false,false,,0,3,4,17,,0,0,,0,,0,,,,1787284400673
SPRING ECOSYSTEM,Spring Cloud,Circuit Breaker & Resilience,@CircuitBreaker behavior. Fallback mechanism?,,false,false,false,false,false,false,false,,0,3,4,17,,0,0,,0,,0,,,,1787284400673
SPRING ECOSYSTEM,Spring Cloud,Circuit Breaker & Resilience,Bulkhead pattern. Thread pool isolation?,,false,false,false,false,false,false,false,,0,3,4,17,,0,0,,0,,0,,,,1787284400673
SPRING ECOSYSTEM,Spring Cloud,Circuit Breaker & Resilience,Timeout configuration. Integration with circuit breaker?,,false,false,false,false,false,false,false,,0,3,4,17,,0,0,,0,,0,,,,1787284400673
SPRING ECOSYSTEM,Spring Cloud,Circuit Breaker & Resilience,"Retry strategies: exponential backoff, jitter. Configuration?",,false,false,false,false,false,false,false,,0,3,4,17,,0,0,,0,,0,,,,1787284400673
SPRING ECOSYSTEM,Spring Cloud,Distributed Tracing,Spring Cloud Sleuth + Zipkin. Trace propagation?,,false,false,false,false,false,false,false,,0,3,4,20,,0,0,,0,,0,,,,1787715568868
SPRING ECOSYSTEM,Spring Cloud,Distributed Tracing,Trace ID vs Span ID. Correlation across services?,,false,false,false,false,false,false,false,,1,3,4,20,,0,0,,0,,0,,,,1787715568868
SPRING ECOSYSTEM,Spring Cloud,Distributed Tracing,Baggage propagation. Custom fields?,,false,false,false,false,false,false,false,,2,3,4,20,,0,0,,0,,0,,,,1787715568868
SPRING ECOSYSTEM,Spring Cloud,Distributed Tracing,Sampling strategy. Performance implications?,,false,false,false,false,false,false,false,,3,3,4,20,,0,0,,0,,0,,,,1787715568868
SPRING ECOSYSTEM,Spring Integration,Event-Driven Architecture,Spring Cloud Stream. Message binding abstraction?,,false,false,false,false,false,false,false,,0,3,6,1,,0,0,,0,,0,,,,1787715595849
SPRING ECOSYSTEM,Spring Integration,Event-Driven Architecture,Kafka vs RabbitMQ bindings. When each?,,false,false,false,false,false,false,false,,1,3,6,1,,0,0,,0,,0,,,,1787715595849
SPRING ECOSYSTEM,Spring Integration,Event-Driven Architecture,Consumer groups in Stream. Scalability?,,false,false,false,false,false,false,false,,2,3,6,1,,0,0,,0,,0,,,,1787715595849
SPRING ECOSYSTEM,Spring Integration,Event-Driven Architecture,Dead-letter queue handling?,,false,false,false,false,false,false,false,,3,3,6,1,,0,0,,0,,0,,,,1787715595849
SPRING ECOSYSTEM,Spring Integration,Event-Driven Architecture,Error handling in async messaging. Retry vs DLQ?,,false,false,false,false,false,false,false,,4,3,6,1,,0,0,,0,,0,,,,1787715595849
SPRING ECOSYSTEM,Spring Testing,Spring Testing,@SpringBootTest vs @WebMvcTest vs @DataJpaTest vs @RestClientTest?,,true,false,false,false,true,false,true,,0,3,8,4,2026-08-26,1,1,"[{""ts"":1787669108132}]",0,,0,,,,1787670892231
SPRING ECOSYSTEM,Spring Testing,Spring Testing,MockMvc for testing controllers. Request building & assertions?,,true,false,false,false,false,false,true,,0,3,8,4,2026-08-26,1,1,"[{""ts"":1787669109586}]",0,,0,,,,1787670892768
SPRING ECOSYSTEM,Spring Testing,Spring Testing,@MockBean vs @SpyBean. Difference?,,true,false,false,false,false,false,true,,0,3,8,4,2026-08-26,1,1,"[{""ts"":1787669110776}]",0,,0,,,,1787670894108
SPRING ECOSYSTEM,Spring Testing,Spring Testing,TestContainers for integration testing. Database setup?,,true,false,false,false,false,false,true,,0,3,8,4,2026-08-26,1,1,"[{""ts"":1787669118490}]",0,,0,,,,1787670894575
SPRING ECOSYSTEM,Spring Testing,Spring Testing,@DirtiesContext. When use? Performance implication?,,false,false,false,false,false,false,true,,0,3,8,4,,0,0,,0,,0,,,,1787670895203
SPRING ECOSYSTEM,Spring Testing,Spring Testing,Parameterized tests with @ParameterizedTest.,,true,false,false,false,false,false,true,,0,3,8,4,2026-08-26,1,1,"[{""ts"":1787673719366}]",0,,0,,,,1787673719373
SPRING ECOSYSTEM,Spring Testing,Spring Testing,Test transaction behavior. Rollback after test?,<ul><li>Spring test transactions roll back automatically after each test method to keep the database clean</li></ul>,false,false,false,false,true,false,true,,0,3,8,4,,0,0,,0,,0,,,,1787673804079
SPRING ECOSYSTEM,Spring Testing,Spring Testing,Performance testing framework integration?,"<ul><li>In Spring Testing, performance testing frameworks like JMeter are integrated externally by pointing their execution scripts to the URLs exposed by your Spring Boot application</li></ul>",false,false,false,false,false,false,true,,0,3,8,4,,0,0,,0,,0,,,,1787671079005
SPRING ECOSYSTEM,Spring MVC & Web,Spring Validation & Data,@Valid vs @Validated. Difference?,,false,false,false,false,false,false,false,,0,3,1,5,,0,0,,0,,0,,,,1787715522063
SPRING ECOSYSTEM,Spring MVC & Web,Spring Validation & Data,Custom validators. ConstraintValidator implementation?,,false,false,false,false,false,false,false,,1,3,1,5,,0,0,,0,,0,,,,1787715522063
SPRING ECOSYSTEM,Spring MVC & Web,Spring Validation & Data,Validation groups. Conditional validation scenarios?,,false,false,false,false,false,false,false,,2,3,1,5,,0,0,,0,,0,,,,1787715522063
SPRING ECOSYSTEM,Spring MVC & Web,Spring Validation & Data,@RequestParam binding. Type conversion & validation?,,false,false,false,false,false,false,false,,3,3,1,5,,0,0,,0,,0,,,,1787715522063
SPRING ECOSYSTEM,Spring MVC & Web,Spring Validation & Data,Error handling in validation. BindingResult usage?,,false,false,false,false,false,false,false,,4,3,1,5,,0,0,,0,,0,,,,1787715522063
SPRING ECOSYSTEM,Spring Boot,Spring Batch,"Job vs Step architecture. ItemReader, ItemProcessor, ItemWriter?",,false,false,false,false,false,false,false,,0,3,6,11,,0,0,,0,,0,,,,1787715656832
SPRING ECOSYSTEM,Spring Boot,Spring Batch,Chunk-oriented vs Tasklet processing. When each?,,false,false,false,false,false,false,false,,1,3,6,11,,0,0,,0,,0,,,,1787715656832
SPRING ECOSYSTEM,Spring Boot,Spring Batch,JobRepository & Execution context. State management?,,false,false,false,false,false,false,false,,2,3,6,11,,0,0,,0,,0,,,,1787715656832
SPRING ECOSYSTEM,Spring Boot,Spring Batch,Job scheduling with Spring Batch. Triggers?,,false,false,false,false,false,false,false,,3,3,6,11,,0,0,,0,,0,,,,1787715656832
SPRING ECOSYSTEM,Spring Boot,Spring Batch,Error handling & recovery. Skip & retry policies?,,false,false,false,false,false,false,false,,4,3,6,11,,0,0,,0,,0,,,,1787715656832
SPRING ECOSYSTEM,Spring Boot,Spring Batch,"Scalability: parallel steps, multi-threaded steps?",,false,false,false,false,false,false,false,,5,3,6,11,,0,0,,0,,0,,,,1787715656832
SPRING ECOSYSTEM,Spring Boot,Spring Batch,Job launcher. Restart behavior & idempotency?,,false,false,false,false,false,false,false,,6,3,6,11,,0,0,,0,,0,,,,1787715656832
SPRING ECOSYSTEM,Spring Integration,Spring Integration,Integration with external systems. Message channels?,,false,false,false,false,false,false,false,,0,3,6,0,,0,0,,0,,0,,,,1787284400673
SPRING ECOSYSTEM,Spring Integration,Spring Integration,Adapters vs Transformers vs Filters. Roles?,,false,false,false,false,false,false,false,,0,3,6,0,,0,0,,0,,0,,,,1787284400673
SPRING ECOSYSTEM,Spring Integration,Spring Integration,Error handling in integration flows. Backoff strategy?,,false,false,false,false,false,false,false,,0,3,6,0,,0,0,,0,,0,,,,1787284400673
SPRING ECOSYSTEM,Spring Integration,Spring Integration,Polling vs event-driven consumers?,,false,false,false,false,false,false,false,,0,3,6,0,,0,0,,0,,0,,,,1787284400673
SPRING ECOSYSTEM,Spring Integration,Spring Kafka,KafkaTemplate for producer. Synchronous vs asynchronous sending?,,false,false,false,false,false,false,false,,0,3,6,2,,0,0,,0,,0,,,,1787715497011
SPRING ECOSYSTEM,Spring Integration,Spring Kafka,@KafkaListener for consumers. Consumer groups?,,false,false,false,false,false,false,false,,1,3,6,2,,0,0,,0,,0,,,,1787715497011
SPRING ECOSYSTEM,Spring Integration,Spring Kafka,Partition assignment. Scaling consumers?,,false,false,false,false,false,false,false,,2,3,6,2,,0,0,,0,,0,,,,1787715497011
SPRING ECOSYSTEM,Spring Integration,Spring Kafka,Rebalancing behavior. Seek & offset management?,,false,false,false,false,false,false,false,,3,3,6,2,,0,0,,0,,0,,,,1787715497011
SPRING ECOSYSTEM,Spring Integration,Spring Kafka,Error handling. DeadLetterPublishingRecoverer?,,false,false,false,false,false,false,false,,4,3,6,2,,0,0,,0,,0,,,,1787715497011
SPRING ECOSYSTEM,Spring Integration,Spring Kafka,Transaction semantics in Kafka. Exactly-once delivery?,,false,false,false,false,false,false,false,,5,3,6,2,,0,0,,0,,0,,,,1787715497011
SPRING ECOSYSTEM,Spring Integration,Spring Kafka,Compression & batching for performance?,,false,false,false,false,false,false,false,,6,3,6,2,,0,0,,0,,0,,,,1787715497011
SPRING ECOSYSTEM,Spring Integration,Spring Data Redis,RedisTemplate vs StringRedisTemplate. When each?,,false,false,false,false,false,false,false,,0,3,6,3,,0,0,,0,,0,,,,1787715543736
SPRING ECOSYSTEM,Spring Integration,Spring Data Redis,"Spring cache abstraction: @Cacheable, @CachePut, @CacheEvict?",,false,false,false,false,false,false,false,,1,3,6,3,,0,0,,0,,0,,,,1787715543736
SPRING ECOSYSTEM,Spring Integration,Spring Data Redis,Cache-aside vs write-through patterns?,,false,false,false,false,false,false,false,,2,3,6,3,,0,0,,0,,0,,,,1787715543736
SPRING ECOSYSTEM,Spring Integration,Spring Data Redis,Cache invalidation strategies. TTL configuration?,,false,false,false,false,false,false,false,,3,3,6,3,,0,0,,0,,0,,,,1787715543736
SPRING ECOSYSTEM,Spring Integration,Spring Data Redis,Redis serialization. Jackson vs Kryo?,,false,false,false,false,false,false,false,,4,3,6,3,,0,0,,0,,0,,,,1787715543736
SPRING ECOSYSTEM,Spring Integration,Spring Data Redis,Session storage in Redis. @EnableRedisHttpSession?,,false,false,false,false,false,false,false,,5,3,6,3,,0,0,,0,,0,,,,1787715543736
SPRING ECOSYSTEM,Spring Integration,Spring Data Redis,Distributed caching challenges. Cache consistency?,,false,false,false,false,false,false,false,,6,3,6,3,,0,0,,0,,0,,,,1787715543736
SPRING ECOSYSTEM,Spring Integration,Spring Data Redis,Redis Streams with Spring. Consumer groups?,,false,false,false,false,false,false,false,,7,3,6,3,,0,0,,0,,0,,,,1787715543736
SPRING ECOSYSTEM,Spring Integration,Spring Data Redis,Pub/Sub vs Streams. When each?,,false,false,false,false,false,false,false,,8,3,6,3,,0,0,,0,,0,,,,1787715543736
SPRING ECOSYSTEM,Spring MVC & Web,Spring WebFlux & Reactive,Reactive vs Traditional MVC. When WebFlux?,,false,false,false,false,false,false,false,,0,3,1,3,,0,0,,0,,0,,,,1787715531068
SPRING ECOSYSTEM,Spring MVC & Web,Spring WebFlux & Reactive,Mono vs Flux. Lazy subscription?,,false,false,false,true,false,false,false,,1,3,1,3,,0,0,,0,,0,,,,1787715531068
SPRING ECOSYSTEM,Spring MVC & Web,Spring WebFlux & Reactive,Backpressure handling. Performance optimization?,,false,false,false,true,false,false,false,,2,3,1,3,,0,0,,0,,0,,,,1787715531068
SPRING ECOSYSTEM,Spring MVC & Web,Spring WebFlux & Reactive,Netty vs Tomcat. Event loop model?,,false,false,false,true,false,false,false,,3,3,1,3,,0,0,,0,,0,,,,1787715531068
SPRING ECOSYSTEM,Spring MVC & Web,Spring WebFlux & Reactive,Reactive repository vs blocking. Migration challenges?,,false,false,false,true,false,false,false,,4,3,1,3,,0,0,,0,,0,,,,1787715531068
SPRING ECOSYSTEM,Spring MVC & Web,Spring WebFlux & Reactive,"Error handling in reactive chains. onError, onErrorResume?",,false,false,false,true,false,false,false,,5,3,1,3,,0,0,,0,,0,,,,1787715531068
SPRING ECOSYSTEM,Spring MVC & Web,Spring WebFlux & Reactive,"Testing reactive code. StepVerifier, virtual time?",,false,false,false,true,false,false,false,,6,3,1,3,,0,0,,0,,0,,,,1787715531068
SPRING ECOSYSTEM,Spring MVC & Web,Spring WebFlux & Reactive,Reactive transaction management. Challenges?,,false,false,false,true,false,false,false,,7,3,1,3,,0,0,,0,,0,,,,1787715531068
SPRING ECOSYSTEM,Spring MVC & Web,Spring WebFlux & Reactive,Thread safety in reactive. Schedulers?,,false,false,false,true,false,false,false,,8,3,1,3,,0,0,,0,,0,,,,1787715531068
SPRING ECOSYSTEM,Spring Cloud,Microservices Patterns,Service-to-service communication. REST vs gRPC vs message queue?,,false,false,false,false,false,false,false,,0,3,4,13,,0,0,,0,,0,,,,1787715614298
SPRING ECOSYSTEM,Spring Cloud,Microservices Patterns,Circuit breaker integration. Fallback strategies?,,false,false,false,false,false,false,false,,1,3,4,13,,0,0,,0,,0,,,,1787715614298
SPRING ECOSYSTEM,Spring Cloud,Microservices Patterns,Distributed tracing across services. Implementation?,,false,false,false,false,false,false,false,,2,3,4,13,,0,0,,0,,0,,,,1787715614298
SPRING ECOSYSTEM,Spring Cloud,Microservices Patterns,API versioning in microservices. Strategy?,,false,false,false,false,false,false,false,,3,3,4,13,,0,0,,0,,0,,,,1787715614298
SPRING ECOSYSTEM,Spring Cloud,Microservices Patterns,Saga pattern for distributed transactions. Choreography vs Orchestration?,,false,false,false,false,true,false,false,,4,3,4,13,,0,0,,0,,0,,,,1787715614298
SPRING ECOSYSTEM,Spring Cloud,Microservices Patterns,Database per service pattern. Data consistency challenges?,,false,false,false,false,false,false,false,,5,3,4,13,,0,0,,0,,0,,,,1787715614298
SPRING ECOSYSTEM,Spring Cloud,Microservices Patterns,API composition vs Query composition. Trade-offs?,,false,false,false,false,false,false,false,,6,3,4,13,,0,0,,0,,0,,,,1787715614298
SPRING ECOSYSTEM,Spring Cloud,Microservices Patterns,Event sourcing & CQRS in Spring. Implementation?,,false,false,false,false,false,false,false,,7,3,4,13,,0,0,,0,,0,,,,1787715614298
SPRING ECOSYSTEM,Spring Cloud,Microservices Patterns,Service mesh integration. Istio with Spring?,,false,false,false,false,false,false,false,,8,3,4,13,,0,0,,0,,0,,,,1787715614298
SPRING ECOSYSTEM,Spring Cloud,Spring Admin & Monitoring,Spring Boot Admin dashboard. Monitoring real-time metrics?,,false,false,false,false,false,false,false,,0,3,4,21,,0,0,,0,,0,,,,1787284400673
SPRING ECOSYSTEM,Spring Cloud,Spring Admin & Monitoring,Custom metrics with Micrometer. Publishing?,,false,false,false,false,false,false,false,,0,3,4,21,,0,0,,0,,0,,,,1787284400673
SPRING ECOSYSTEM,Spring Cloud,Spring Admin & Monitoring,Health indicators. Custom implementation?,,false,false,false,false,false,false,false,,0,3,4,21,,0,0,,0,,0,,,,1787284400673
SPRING ECOSYSTEM,Spring Cloud,Spring Admin & Monitoring,Alerting strategies. Thresholds & notifications?,,false,false,false,false,false,false,false,,0,3,4,21,,0,0,,0,,0,,,,1787284400673
SPRING ECOSYSTEM,Spring Cloud,Spring Admin & Monitoring,Log aggregation. ELK stack integration?,,false,false,false,false,false,false,false,,0,3,4,21,,0,0,,0,,0,,,,1787284400673
SPRING ECOSYSTEM,Spring Cloud,Spring Admin & Monitoring,"APM tools integration. Datadog, New Relic?",,false,false,false,false,false,false,false,,0,3,4,21,,0,0,,0,,0,,,,1787284400673
SPRING ECOSYSTEM,Production & Performance,Production & Performance,Connection pooling: HikariCP configuration. Size tuning?,,false,false,false,false,false,false,false,,0,3,9,22,,0,0,,0,,0,,,,1787284400673
SPRING ECOSYSTEM,Production & Performance,Production & Performance,Thread pool sizing for async operations. Rejection policies?,,false,false,false,false,false,false,false,,0,3,9,22,,0,0,,0,,0,,,,1787284400673
SPRING ECOSYSTEM,Production & Performance,Production & Performance,Caching strategy: local vs distributed. Eviction policies?,,false,false,false,false,false,false,false,,0,3,9,22,,0,0,,0,,0,,,,1787284400673
SPRING ECOSYSTEM,Production & Performance,Production & Performance,Database query optimization. Index usage? Explain plan?,,false,false,false,false,false,false,false,,0,3,9,22,,0,0,,0,,0,,"[""Coding Must"",""Coding Exist""]",,1787449290231
SPRING ECOSYSTEM,Production & Performance,Production & Performance,Memory leak prevention in Spring apps. Common patterns?,,false,false,false,false,false,false,false,,0,3,9,22,,0,0,,0,,0,,,,1787284400673
SPRING ECOSYSTEM,Production & Performance,Production & Performance,Graceful shutdown. Context cleanup order?,,false,false,false,false,false,false,false,,0,3,9,22,,0,0,,0,,0,,,,1787284400673
SPRING ECOSYSTEM,Production & Performance,Production & Performance,Zero-downtime deployment. Blue-green vs canary?,,false,false,false,false,false,false,false,,0,3,9,22,,0,0,,0,,0,,,,1787284400673
SPRING ECOSYSTEM,Production & Performance,Production & Performance,Load balancing at application level. Sticky sessions?,,false,false,false,false,false,false,false,,0,3,9,22,,0,0,,0,,0,,,,1787284400673
SPRING ECOSYSTEM,Production & Performance,Production & Performance,Rate limiting & throttling. Token bucket algorithm?,,false,false,false,false,false,false,false,,0,3,9,22,,0,0,,0,,0,,,,1787284400673
SPRING ECOSYSTEM,Production & Performance,Production & Performance,Security at scale. OAuth2 token caching? Refresh strategies?,,false,false,false,false,false,false,false,,0,3,9,22,,0,0,,0,,0,,,,1787284400673
DBMS & SQL,DBMS Fundamentals,DBMS Fundamentals,ACID properties. Explain each. Real-world implication when one fails?,,false,false,false,false,false,false,false,,0,4,2,0,,0,0,,0,,0,,,,1787282780488
DBMS & SQL,DBMS Fundamentals,DBMS Fundamentals,Atomicity failures. What breaks? Recovery mechanism?,,false,false,false,false,false,false,false,,0,4,2,0,,0,0,,0,,0,,,,1787282780488
DBMS & SQL,DBMS Fundamentals,DBMS Fundamentals,Consistency definition. Constraints enforcement? Application vs database level?,,false,false,false,false,false,false,false,,0,4,2,0,,0,0,,0,,0,,,,1787282780488
DBMS & SQL,DBMS Fundamentals,DBMS Fundamentals,Isolation levels: READ_UNCOMMITTED vs READ_COMMITTED vs REPEATABLE_READ vs SERIALIZABLE. Real scenarios?,,false,false,false,false,false,false,false,,0,4,2,0,,0,0,,0,,0,,,,1787282780488
DBMS & SQL,DBMS Fundamentals,DBMS Fundamentals,Durability guarantee. Write-ahead logging? fsync cost?,,false,false,false,false,false,false,false,,0,4,2,0,,0,0,,0,,0,,,,1787282780488
DBMS & SQL,DBMS Fundamentals,DBMS Fundamentals,CAP theorem. Trade-offs in distributed databases?,,false,false,false,false,false,false,false,,0,4,2,0,,0,0,,0,,0,,,,1787282780488
DBMS & SQL,DBMS Fundamentals,DBMS Fundamentals,RDBMS vs NoSQL. When each? Data consistency trade-offs?,,false,false,false,false,false,false,false,,0,4,2,0,,0,0,,0,,0,,,,1787282780488
DBMS & SQL,Database Architecture,Database Architecture,Storage engine. InnoDB vs MyISAM. MySQL default? Differences?,,false,false,false,false,false,false,false,,0,4,2,0,,0,0,,0,,0,,,,1787282780488
DBMS & SQL,Database Architecture,Database Architecture,Buffer pool. Size tuning? Cache hit ratio monitoring?,,false,false,false,false,false,false,false,,0,4,2,0,,0,0,,0,,0,,,,1787282780488
DBMS & SQL,Database Architecture,Database Architecture,Log-structured merge trees vs B-trees. When each?,,false,false,false,false,false,false,false,,0,4,2,0,,0,0,,0,,0,,,,1787282780488
DBMS & SQL,Database Architecture,Database Architecture,Page size & I/O optimization. Default 16KB in MySQL?,,false,false,false,false,false,false,false,,0,4,2,0,,0,0,,0,,0,,,,1787282780488
DBMS & SQL,Database Architecture,Database Architecture,WAL (Write-Ahead Logging). Performance implications?,,false,false,false,false,false,false,false,,0,4,2,0,,0,0,,0,,0,,,,1787282780488
DBMS & SQL,Database Architecture,Database Architecture,Checkpoint mechanism. Recovery time?,,false,false,false,false,false,false,false,,0,4,2,0,,0,0,,0,,0,,,,1787282780488
DBMS & SQL,Database Architecture,Database Architecture,Tablespace management. File organization?,,false,false,false,false,false,false,false,,0,4,2,0,,0,0,,0,,0,,,,1787282780488
DBMS & SQL,Indexes & Query Optimization,Indexes & Query Optimization,Index types: B-tree vs Hash vs Full-text vs Spatial. When each?,,false,false,false,false,false,false,false,,0,4,2,0,,0,0,,0,,0,,,,1787282780488
DBMS & SQL,Indexes & Query Optimization,Indexes & Query Optimization,Composite index. Column order matters? Why?,,false,false,false,false,false,false,false,,0,4,2,0,,0,0,,0,,0,,,,1787282780488
DBMS & SQL,Indexes & Query Optimization,Indexes & Query Optimization,Primary key vs Unique index vs Foreign key. Indexing implications?,,false,false,false,false,false,false,false,,0,4,2,0,,0,0,,0,,0,,,,1787282780488
DBMS & SQL,Indexes & Query Optimization,Indexes & Query Optimization,Index selectivity. Low selectivity—why avoid indexing?,,false,false,false,false,false,false,false,,0,4,2,0,,0,0,,0,,0,,,,1787282780488
DBMS & SQL,Indexes & Query Optimization,Indexes & Query Optimization,Covering index. Performance benefit? Trade-off?,,false,false,false,false,false,false,false,,0,4,2,0,,0,0,,0,,0,,,,1787282780488
DBMS & SQL,Indexes & Query Optimization,Indexes & Query Optimization,Index fragmentation. OPTIMIZE TABLE cost?,,false,false,false,false,false,false,false,,0,4,2,0,,0,0,,0,,0,,,,1787282780488
DBMS & SQL,Indexes & Query Optimization,Indexes & Query Optimization,Query plan analysis with EXPLAIN. Key fields interpretation?,,false,false,false,false,false,false,false,,0,4,2,0,,0,0,,0,,0,,,,1787282780488
DBMS & SQL,Indexes & Query Optimization,Indexes & Query Optimization,Query execution plan. Why different for same query?,,false,false,false,false,false,false,false,,0,4,2,0,,0,0,,0,,0,,,,1787282780488
DBMS & SQL,Indexes & Query Optimization,Indexes & Query Optimization,"Index hints: USE INDEX, FORCE INDEX, IGNORE INDEX. When override optimizer?",,false,false,false,false,false,false,false,,0,4,2,0,,0,0,,0,,0,,,,1787282780488
DBMS & SQL,Indexes & Query Optimization,Indexes & Query Optimization,Prefix index. Storage vs search trade-off?,,false,false,false,false,false,false,false,,0,4,2,0,,0,0,,0,,0,,,,1787282780488
DBMS & SQL,Indexes & Query Optimization,Indexes & Query Optimization,Reverse index usage. Like '%string' problem?,,false,false,false,false,false,false,false,,0,4,2,0,,0,0,,0,,0,,,,1787282780488
DBMS & SQL,Indexes & Query Optimization,Indexes & Query Optimization,Index cardinality. Histogram statistics?,,false,false,false,false,false,false,false,,0,4,2,0,,0,0,,0,,0,,,,1787282780488
DBMS & SQL,Indexes & Query Optimization,Indexes & Query Optimization,Multi-column index selectivity. Which column first?,,false,false,false,false,false,false,false,,0,4,2,0,,0,0,,0,,0,,,,1787282780488
DBMS & SQL,Query Performance & Optimization,Query Performance & Optimization,N+1 query problem. Detection? Prevention?,,false,false,false,false,false,false,false,,0,4,2,0,,0,0,,0,,0,,,,1787282780488
DBMS & SQL,Query Performance & Optimization,Query Performance & Optimization,Subquery vs JOIN. Performance difference?,,false,false,false,false,false,false,false,,0,4,2,0,,0,0,,0,,0,,,,1787282780488
DBMS & SQL,Query Performance & Optimization,Query Performance & Optimization,INNER JOIN vs LEFT JOIN vs RIGHT JOIN. Query planner cost?,,false,false,false,false,false,false,false,,0,4,2,0,,0,0,,0,,0,,,,1787282780488
DBMS & SQL,Query Performance & Optimization,Query Performance & Optimization,Self-join scenarios. Performance implications?,,false,false,false,false,false,false,false,,0,4,2,0,,0,0,,0,,0,,,,1787282780488
DBMS & SQL,Query Performance & Optimization,Query Performance & Optimization,UNION vs UNION ALL. When UNION necessary?,,false,false,false,false,false,false,false,,0,4,2,0,,0,0,,0,,0,,,,1787282780488
DBMS & SQL,Query Performance & Optimization,Query Performance & Optimization,GROUP BY optimization. Index usage?,,false,false,false,false,false,false,false,,0,4,2,0,,0,0,,0,,0,,,,1787282780488
DBMS & SQL,Query Performance & Optimization,Query Performance & Optimization,HAVING vs WHERE. Execution order?,,false,false,false,false,false,false,false,,0,4,2,0,,0,0,,0,,0,,,,1787282780488
DBMS & SQL,Query Performance & Optimization,Query Performance & Optimization,LIMIT OFFSET performance degradation. Pagination strategy at scale?,,false,false,false,false,false,false,false,,0,4,2,0,,0,0,,0,,0,,,,1787282780488
DBMS & SQL,Query Performance & Optimization,Query Performance & Optimization,Aggregate functions: COUNT(*) vs COUNT(column). Performance?,,false,false,false,false,false,false,false,,0,4,2,0,,0,0,,0,,0,,,,1787282780488
DBMS & SQL,Query Performance & Optimization,Query Performance & Optimization,Distinct performance cost?,,false,false,false,false,false,false,false,,0,4,2,0,,0,0,,0,,0,,,,1787282780488
DBMS & SQL,Query Performance & Optimization,Query Performance & Optimization,IN vs EXISTS vs JOIN. Query optimizer choice?,,false,false,false,false,false,false,false,,0,4,2,0,,0,0,,0,,0,,,,1787282780488
DBMS & SQL,Query Performance & Optimization,Query Performance & Optimization,Correlated subqueries. Performance issue?,,false,false,false,false,false,false,false,,0,4,2,0,,0,0,,0,,0,,,,1787282780488
DBMS & SQL,Query Performance & Optimization,Query Performance & Optimization,View materialization. Performance optimization?,,false,false,false,false,false,false,false,,0,4,2,0,,0,0,,0,,0,,,,1787282780488
DBMS & SQL,Transactions & Concurrency,Transactions & Concurrency,Transaction isolation implementation. MVCC (Multi-Version Concurrency Control)?,,false,false,false,false,false,false,false,,0,4,2,0,,0,0,,0,,0,,,,1787282780488
DBMS & SQL,Transactions & Concurrency,Transactions & Concurrency,"Dirty read, non-repeatable read, phantom read. Isolation level prevents each?",,false,false,false,false,false,false,false,,0,4,2,0,,0,0,,0,,0,,,,1787282780488
DBMS & SQL,Transactions & Concurrency,Transactions & Concurrency,Lock types: shared vs exclusive. Deadlock causes?,,false,false,false,false,false,false,false,,0,4,2,0,,0,0,,0,,0,,,,1787282780488
DBMS & SQL,Transactions & Concurrency,Transactions & Concurrency,Row-level vs Table-level locking. InnoDB behavior?,,false,false,false,false,false,false,false,,0,4,2,0,,0,0,,0,,0,,,,1787282780488
DBMS & SQL,Transactions & Concurrency,Transactions & Concurrency,Deadlock detection & resolution. Victim selection?,,false,false,false,false,false,false,false,,0,4,2,0,,0,0,,0,,0,,,,1787282780488
DBMS & SQL,Transactions & Concurrency,Transactions & Concurrency,"Deadlock example: transaction A waits for B, B waits for A. How detect?",,false,false,false,false,false,false,false,,0,4,2,0,,0,0,,0,,0,,,,1787282780488
DBMS & SQL,Transactions & Concurrency,Transactions & Concurrency,Lock wait timeout. Configuration?,,false,false,false,false,false,false,false,,0,4,2,0,,0,0,,0,,0,,,,1787282780488
DBMS & SQL,Transactions & Concurrency,Transactions & Concurrency,Gap locks & next-key locks. Phantom read prevention?,,false,false,false,false,false,false,false,,0,4,2,0,,0,0,,0,,0,,,,1787282780488
DBMS & SQL,Transactions & Concurrency,Transactions & Concurrency,Optimistic vs Pessimistic locking. Row versioning?,,false,false,false,false,false,false,false,,0,4,2,0,,0,0,,0,,0,,,,1787282780488
DBMS & SQL,Transactions & Concurrency,Transactions & Concurrency,Transaction log (binlog). Replication?,,false,false,false,false,false,false,false,,0,4,2,0,,0,0,,0,,0,,,,1787282780488
DBMS & SQL,Transactions & Concurrency,Transactions & Concurrency,Two-phase commit. Distributed transactions?,,false,false,false,false,false,false,false,,0,4,2,0,,0,0,,0,,0,,,,1787282780488
DBMS & SQL,Transactions & Concurrency,Transactions & Concurrency,Savepoints. Partial rollback?,,false,false,false,false,false,false,false,,0,4,2,0,,0,0,,0,,0,,,,1787282780488
DBMS & SQL,Data Modeling & Design,Data Modeling & Design,Normalization: 1NF vs 2NF vs 3NF vs BCNF. Real-world trade-offs?,,false,false,false,false,false,false,false,,0,4,2,0,,0,0,,0,,0,,,,1787282780488
DBMS & SQL,Data Modeling & Design,Data Modeling & Design,Denormalization benefits & costs. When acceptable?,,false,false,false,false,false,false,false,,0,4,2,0,,0,0,,0,,0,,,,1787282780488
DBMS & SQL,Data Modeling & Design,Data Modeling & Design,Entity-relationship diagram. Cardinality representation?,,false,false,false,false,false,false,false,,0,4,2,0,,0,0,,0,,0,,,,1787282780488
DBMS & SQL,Data Modeling & Design,Data Modeling & Design,One-to-one vs One-to-many vs Many-to-many. Schema design?,,false,false,false,false,false,false,false,,0,4,2,0,,0,0,,0,,0,,,,1787282780488
DBMS & SQL,Data Modeling & Design,Data Modeling & Design,Foreign key constraints. Referential integrity?,,false,false,false,false,false,false,false,,0,4,2,0,,0,0,,0,,0,,,,1787282780488
DBMS & SQL,Data Modeling & Design,Data Modeling & Design,Surrogate vs Natural keys. When each?,,false,false,false,false,false,false,false,,0,4,2,0,,0,0,,0,,0,,,,1787282780488
DBMS & SQL,Data Modeling & Design,Data Modeling & Design,Composite primary keys. Advantages & disadvantages?,,false,false,false,false,false,false,false,,0,4,2,0,,0,0,,0,,0,,,,1787282780488
DBMS & SQL,Data Modeling & Design,Data Modeling & Design,Data type selection: INT vs BIGINT vs DECIMAL vs VARCHAR. Storage & performance?,,false,false,false,false,false,false,false,,0,4,2,0,,0,0,,0,,0,,,,1787282780488
DBMS & SQL,Data Modeling & Design,Data Modeling & Design,NULL handling. Storage cost? Index behavior?,,false,false,false,false,false,false,false,,0,4,2,0,,0,0,,0,,0,,,,1787282780488
DBMS & SQL,Data Modeling & Design,Data Modeling & Design,ENUM vs lookup table. Trade-offs?,,false,false,false,false,false,false,false,,0,4,2,0,,0,0,,0,,0,,,,1787282780488
DBMS & SQL,Data Modeling & Design,Data Modeling & Design,JSON columns in MySQL. Indexing? When over relational?,,false,false,false,false,false,false,false,,0,4,2,0,,0,0,,0,,0,,,,1787282780488
DBMS & SQL,Data Modeling & Design,Data Modeling & Design,Schema versioning. Migration strategy?,,false,false,false,false,false,false,false,,0,4,2,0,,0,0,,0,,0,,,,1787282780488
DBMS & SQL,Backup & Recovery,Backup & Recovery,Full backup vs Incremental vs Differential. Storage vs recovery time?,,false,false,false,false,false,false,false,,0,4,2,0,,0,0,,0,,0,,,,1787282780488
DBMS & SQL,Backup & Recovery,Backup & Recovery,Point-in-time recovery. Binlog retention?,,false,false,false,false,false,false,false,,0,4,2,0,,0,0,,0,,0,,,,1787282780488
DBMS & SQL,Backup & Recovery,Backup & Recovery,Physical vs Logical backup. mysqldump vs xtrabackup?,,false,false,false,false,false,false,false,,0,4,2,0,,0,0,,0,,0,,,,1787282780488
DBMS & SQL,Backup & Recovery,Backup & Recovery,Backup consistency. Locking implications?,,false,false,false,false,false,false,false,,0,4,2,0,,0,0,,0,,0,,,,1787282780488
DBMS & SQL,Backup & Recovery,Backup & Recovery,Recovery time objective (RTO) vs Recovery point objective (RPO). Trade-offs?,,false,false,false,false,false,false,false,,0,4,2,0,,0,0,,0,,0,,,,1787282780488
DBMS & SQL,Backup & Recovery,Backup & Recovery,Binary logging. Row-based vs Statement-based vs Mixed. Replication impact?,,false,false,false,false,false,false,false,,0,4,2,0,,0,0,,0,,0,,,,1787282780488
DBMS & SQL,Backup & Recovery,Backup & Recovery,Crash recovery. InnoDB recovery process?,,false,false,false,false,false,false,false,,0,4,2,0,,0,0,,0,,0,,,,1787282780488
DBMS & SQL,Backup & Recovery,Backup & Recovery,Backup encryption. Security at rest?,,false,false,false,false,false,false,false,,0,4,2,0,,0,0,,0,,0,,,,1787282780488
DBMS & SQL,Replication & HA,Replication & HA,Master-slave replication. Data flow?,,false,false,false,false,false,false,false,,0,4,2,0,,0,0,,0,,0,,,,1787282780488
DBMS & SQL,Replication & HA,Replication & HA,Master-master replication. Conflict resolution?,,false,false,false,false,false,false,false,,0,4,2,0,,0,0,,0,,0,,,,1787282780488
DBMS & SQL,Replication & HA,Replication & HA,Semi-synchronous replication. Durability guarantee?,,false,false,false,false,false,false,false,,0,4,2,0,,0,0,,0,,0,,,,1787282780488
DBMS & SQL,Replication & HA,Replication & HA,Replication lag. Causes? Monitoring?,,false,false,false,false,false,false,false,,0,4,2,0,,0,0,,0,,0,,,,1787282780488
DBMS & SQL,Replication & HA,Replication & HA,Failover mechanism. Automatic vs Manual?,,false,false,false,false,false,false,false,,0,4,2,0,,0,0,,0,,0,,,,1787282780488
DBMS & SQL,Replication & HA,Replication & HA,Read replicas. Scaling read traffic?,,false,false,false,false,false,false,false,,0,4,2,0,,0,0,,0,,0,,,,1787282780488
DBMS & SQL,Replication & HA,Replication & HA,Replication filters. Row & statement filtering?,,false,false,false,false,false,false,false,,0,4,2,0,,0,0,,0,,0,,,,1787282780488
DBMS & SQL,Replication & HA,Replication & HA,GTID (Global Transaction ID). Replication reliability?,,false,false,false,false,false,false,false,,0,4,2,0,,0,0,,0,,0,,,,1787282780488
DBMS & SQL,Replication & HA,Replication & HA,Parallel replication. Performance gain?,,false,false,false,false,false,false,false,,0,4,2,0,,0,0,,0,,0,,,,1787282780488
DBMS & SQL,Replication & HA,Replication & HA,Replication breakage. Skipping errors?,,false,false,false,false,false,false,false,,0,4,2,0,,0,0,,0,,0,,,,1787282780488
DBMS & SQL,MySQL Specific Concepts,MySQL Specific Concepts,"InnoDB storage engine architecture. Buffer pool, undo log, redo log?",,false,false,false,false,false,false,false,,0,4,2,0,,0,0,,0,,0,,,,1787282780488
DBMS & SQL,MySQL Specific Concepts,MySQL Specific Concepts,Clustered index. Primary key as row identifier?,,false,false,false,false,false,false,false,,0,4,2,0,,0,0,,0,,0,,,,1787282780488
DBMS & SQL,MySQL Specific Concepts,MySQL Specific Concepts,Secondary index. Leaf nodes contain primary key?,,false,false,false,false,false,false,false,,0,4,2,0,,0,0,,0,,0,,,,1787282780488
DBMS & SQL,MySQL Specific Concepts,MySQL Specific Concepts,Redo log vs Undo log. Purpose?,,false,false,false,false,false,false,false,,0,4,2,0,,0,0,,0,,0,,,,1787282780488
DBMS & SQL,MySQL Specific Concepts,MySQL Specific Concepts,Doublewrite buffer. Crash safety?,,false,false,false,false,false,false,false,,0,4,2,0,,0,0,,0,,0,,,,1787282780488
DBMS & SQL,MySQL Specific Concepts,MySQL Specific Concepts,Innodb_flush_log_at_trx_commit. Durability vs performance?,,false,false,false,false,false,false,false,,0,4,2,0,,0,0,,0,,0,,,,1787282780488
DBMS & SQL,MySQL Specific Concepts,MySQL Specific Concepts,Adaptive hash index. Automatic optimization?,,false,false,false,false,false,false,false,,0,4,2,0,,0,0,,0,,0,,,,1787282780488
DBMS & SQL,MySQL Specific Concepts,MySQL Specific Concepts,Insert buffer (Change buffer). Performance benefit?,,false,false,false,false,false,false,false,,0,4,2,0,,0,0,,0,,0,,,,1787282780488
DBMS & SQL,MySQL Specific Concepts,MySQL Specific Concepts,Purge thread. Garbage collection of old versions?,,false,false,false,false,false,false,false,,0,4,2,0,,0,0,,0,,0,,,,1787282780488
DBMS & SQL,MySQL Specific Concepts,MySQL Specific Concepts,Lock monitor. Deadlock detection?,,false,false,false,false,false,false,false,,0,4,2,0,,0,0,,0,,0,,,,1787282780488
DBMS & SQL,MySQL Specific Concepts,MySQL Specific Concepts,"MySQL 8.0 features. Window functions, JSON improvements, CTE?",,false,false,false,false,false,false,false,,0,4,2,0,,0,0,,0,,0,,,,1787282780488
DBMS & SQL,MySQL Specific Concepts,MySQL Specific Concepts,Instant DDL. Online schema changes?,,false,false,false,false,false,false,false,,0,4,2,0,,0,0,,0,,0,,,,1787282780488
DBMS & SQL,Connection & Resource Management,Connection & Resource Management,Connection pooling. min/max size tuning?,,false,false,false,false,false,false,false,,0,4,2,0,,0,0,,0,,0,,,,1787282780488
DBMS & SQL,Connection & Resource Management,Connection & Resource Management,max_connections limit. Planning capacity?,,false,false,false,false,false,false,false,,0,4,2,0,,0,0,,0,,0,,,,1787282780488
DBMS & SQL,Connection & Resource Management,Connection & Resource Management,Connection timeout configuration?,,false,false,false,false,false,false,false,,0,4,2,0,,0,0,,0,,0,,,,1787282780488
DBMS & SQL,Connection & Resource Management,Connection & Resource Management,Idle connection cleanup?,,false,false,false,false,false,false,false,,0,4,2,0,,0,0,,0,,0,,,,1787282780488
DBMS & SQL,Connection & Resource Management,Connection & Resource Management,Thread pool plugin benefits?,,false,false,false,false,false,false,false,,0,4,2,0,,0,0,,0,,0,,,,1787282780488
DBMS & SQL,Connection & Resource Management,Connection & Resource Management,Query timeout. Statement execution time limit?,,false,false,false,false,false,false,false,,0,4,2,0,,0,0,,0,,0,,,,1787282780488
DBMS & SQL,Connection & Resource Management,Connection & Resource Management,max_allowed_packet. Large query/result handling?,,false,false,false,false,false,false,false,,0,4,2,0,,0,0,,0,,0,,,,1787282780488
DBMS & SQL,Administration & Monitoring,Administration & Monitoring,Database monitoring. Key metrics?,,false,false,false,false,false,false,false,,0,4,2,0,,0,0,,0,,0,,,,1787282780488
DBMS & SQL,Administration & Monitoring,Administration & Monitoring,Slow query log. Threshold tuning? Analysis?,,false,false,false,false,false,false,false,,0,4,2,0,,0,0,,0,,0,,,,1787282780488
DBMS & SQL,Administration & Monitoring,Administration & Monitoring,Performance schema. Detailed instrumentation?,,false,false,false,false,false,false,false,,0,4,2,0,,0,0,,0,,0,,,,1787282780488
DBMS & SQL,Administration & Monitoring,Administration & Monitoring,SHOW PROCESSLIST. Active query monitoring?,,false,false,false,false,false,false,false,,0,4,2,0,,0,0,,0,,0,,,,1787282780488
DBMS & SQL,Administration & Monitoring,Administration & Monitoring,SHOW STATUS. Performance counters?,,false,false,false,false,false,false,false,,0,4,2,0,,0,0,,0,,0,,,,1787282780488
DBMS & SQL,Administration & Monitoring,Administration & Monitoring,InnoDB status. Lock & transaction monitoring?,,false,false,false,false,false,false,false,,0,4,2,0,,0,0,,0,,0,,,,1787282780488
DBMS & SQL,Administration & Monitoring,Administration & Monitoring,Disk I/O monitoring. iostat interpretation?,,false,false,false,false,false,false,false,,0,4,2,0,,0,0,,0,,0,,,,1787282780488
DBMS & SQL,Administration & Monitoring,Administration & Monitoring,CPU usage analysis. Query profiling?,,false,false,false,false,false,false,false,,0,4,2,0,,0,0,,0,,0,,,,1787282780488
DBMS & SQL,Administration & Monitoring,Administration & Monitoring,"Memory usage tuning. Buffer pool, query cache?",,false,false,false,false,false,false,false,,0,4,2,0,,0,0,,0,,0,,,,1787282780488
DBMS & SQL,Administration & Monitoring,Administration & Monitoring,Storage space management. Tablespace growth?,,false,false,false,false,false,false,false,,0,4,2,0,,0,0,,0,,0,,,,1787282780488
DBMS & SQL,Administration & Monitoring,Administration & Monitoring,User privilege management. Principle of least privilege?,,false,false,false,false,false,false,false,,0,4,2,0,,0,0,,0,,0,,,,1787282780488
DBMS & SQL,Administration & Monitoring,Administration & Monitoring,"Parameter tuning: innodb_buffer_pool_size, max_connections, query_cache_size?",,false,false,false,false,false,false,false,,0,4,2,0,,0,0,,0,,0,,,,1787282780488
DBMS & SQL,Security,Security,Authentication. User password policies?,,false,false,false,false,false,false,false,,0,4,2,0,,0,0,,0,,0,,,,1787282780488
DBMS & SQL,Security,Security,Authorization. Column & row-level security?,,false,false,false,false,false,false,false,,0,4,2,0,,0,0,,0,,0,,,,1787282780488
DBMS & SQL,Security,Security,SQL injection prevention. Prepared statements?,,false,false,false,false,false,false,false,,0,4,2,0,,0,0,,0,,0,,,,1787282780488
DBMS & SQL,Security,Security,Data encryption at rest. Encrypted tablespaces?,,false,false,false,false,false,false,false,,0,4,2,0,,0,0,,0,,0,,,,1787282780488
DBMS & SQL,Security,Security,Encryption in transit. SSL/TLS configuration?,,false,false,false,false,false,false,false,,0,4,2,0,,0,0,,0,,0,,,,1787282780488
DBMS & SQL,Security,Security,Audit logging. Who accessed what?,,false,false,false,false,false,false,false,,0,4,2,0,,0,0,,0,,0,,,,1787282780488
DBMS & SQL,Security,Security,Least privilege principle. Role-based access?,,false,false,false,false,false,false,false,,0,4,2,0,,0,0,,0,,0,,,,1787282780488
DBMS & SQL,Security,Security,Password hashing. Storage mechanism?,,false,false,false,false,false,false,false,,0,4,2,0,,0,0,,0,,0,,,,1787282780488
DBMS & SQL,Advanced SQL,Advanced SQL,"Window functions: ROW_NUMBER, RANK, DENSE_RANK, LAG, LEAD. Real use cases?",,false,false,false,false,false,false,false,,0,4,2,0,,0,0,,0,,0,,,,1787282780488
DBMS & SQL,Advanced SQL,Advanced SQL,Common table expression (CTE). WITH clause. Recursive CTE?,,false,false,false,false,false,false,false,,0,4,2,0,,0,0,,0,,0,,,,1787282780488
DBMS & SQL,Advanced SQL,Advanced SQL,Derived tables vs CTE performance?,,false,false,false,false,false,false,false,,0,4,2,0,,0,0,,0,,0,,,,1787282780488
DBMS & SQL,Advanced SQL,Advanced SQL,CASE statements. Complex conditional logic?,,false,false,false,false,false,false,false,,0,4,2,0,,0,0,,0,,0,,,,1787282780488
DBMS & SQL,Advanced SQL,Advanced SQL,Stored procedures. When avoid? Performance?,,false,false,false,false,false,false,false,,0,4,2,0,,0,0,,0,,0,,,,1787282780488
DBMS & SQL,Advanced SQL,Advanced SQL,Triggers. Use cases & dangers?,,false,false,false,false,false,false,false,,0,4,2,0,,0,0,,0,,0,,,,1787282780488
DBMS & SQL,Advanced SQL,Advanced SQL,Views. Updatable views. Materialized view simulation?,,false,false,false,false,false,false,false,,0,4,2,0,,0,0,,0,,0,,,,1787282780488
DBMS & SQL,Advanced SQL,Advanced SQL,Cursor. Performance implications?,,false,false,false,false,false,false,false,,0,4,2,0,,0,0,,0,,0,,,,1787282780488
DBMS & SQL,Advanced SQL,Advanced SQL,Aggregate window functions. Cumulative sums?,,false,false,false,false,false,false,false,,0,4,2,0,,0,0,,0,,0,,,,1787282780488
DBMS & SQL,JSON Handling,JSON Handling,JSON columns in MySQL 5.7+. Data type?,,false,false,false,false,false,false,false,,0,4,2,0,,0,0,,0,,0,,,,1787282780488
DBMS & SQL,JSON Handling,JSON Handling,"JSON functions: JSON_EXTRACT, JSON_SET, JSON_ARRAY_APPEND?",,false,false,false,false,false,false,false,,0,4,2,0,,0,0,,0,,0,,,,1787282780488
DBMS & SQL,JSON Handling,JSON Handling,JSON path syntax. Nested access?,,false,false,false,false,false,false,false,,0,4,2,0,,0,0,,0,,0,,,,1787282780488
DBMS & SQL,JSON Handling,JSON Handling,JSON indexing. Generated columns for performance?,,false,false,false,false,false,false,false,,0,4,2,0,,0,0,,0,,0,,,,1787282780488
DBMS & SQL,JSON Handling,JSON Handling,JSON vs Relational normalization. When JSON?,,false,false,false,false,false,false,false,,0,4,2,0,,0,0,,0,,0,,,,1787282780488
DBMS & SQL,JSON Handling,JSON Handling,JSON query performance optimization?,,false,false,false,false,false,false,false,,0,4,2,0,,0,0,,0,,0,,,,1787282780488
DBMS & SQL,Partitioning & Sharding,Partitioning & Sharding,Table partitioning. Range vs List vs Hash vs Key. Performance benefit?,,false,false,false,false,false,false,false,,0,4,2,0,,0,0,,0,,0,,,,1787282780488
DBMS & SQL,Partitioning & Sharding,Partitioning & Sharding,Partition pruning. Query optimization?,,false,false,false,false,false,false,false,,0,4,2,0,,0,0,,0,,0,,,,1787282780488
DBMS & SQL,Partitioning & Sharding,Partitioning & Sharding,Subpartitioning. Hierarchical partitioning?,,false,false,false,false,false,false,false,,0,4,2,0,,0,0,,0,,0,,,,1787282780488
DBMS & SQL,Partitioning & Sharding,Partitioning & Sharding,Maintenance operations on partitions. Backup?,,false,false,false,false,false,false,false,,0,4,2,0,,0,0,,0,,0,,,,1787282780488
DBMS & SQL,Partitioning & Sharding,Partitioning & Sharding,Horizontal sharding. Shard key selection?,,false,false,false,false,false,false,false,,0,4,2,0,,0,0,,0,,0,,,,1787282780488
DBMS & SQL,Partitioning & Sharding,Partitioning & Sharding,Shard-based query routing. Complexity?,,false,false,false,false,false,false,false,,0,4,2,0,,0,0,,0,,0,,,,1787282780488
DBMS & SQL,Partitioning & Sharding,Partitioning & Sharding,Hot shard problem. Mitigation?,,false,false,false,false,false,false,false,,0,4,2,0,,0,0,,0,,0,,,,1787282780488
DBMS & SQL,Partitioning & Sharding,Partitioning & Sharding,Cross-shard joins. Distributed query complexity?,,false,false,false,false,false,false,false,,0,4,2,0,,0,0,,0,,0,,,,1787282780488
DBMS & SQL,Partitioning & Sharding,Partitioning & Sharding,Shard rebalancing. Data migration?,,false,false,false,false,false,false,false,,0,4,2,0,,0,0,,0,,0,,,,1787282780488
ANGULAR,Angular Core & Fundamentals,Angular Core & Fundamentals,"Angular architecture. Components, Services, Modules, DI container?",,false,false,false,false,false,false,false,,0,6,5,0,,0,0,,0,,0,,,,1787282780488
ANGULAR,Angular Core & Fundamentals,Angular Core & Fundamentals,Module bootstrap process. Root module to app initialization?,,false,false,false,false,false,false,false,,0,6,5,0,,0,0,,0,,0,,,,1787282780488
ANGULAR,Angular Core & Fundamentals,Angular Core & Fundamentals,NgModule vs Standalone components. When each? Migration strategy?,,false,false,false,false,false,false,false,,0,6,5,0,,0,0,,0,,0,,,,1787282780488
ANGULAR,Angular Core & Fundamentals,Angular Core & Fundamentals,Lazy loading modules. Route-based code splitting?,,false,false,false,false,false,false,false,,0,6,5,0,,0,0,,0,,0,,,,1787282780488
ANGULAR,Angular Core & Fundamentals,Angular Core & Fundamentals,Feature modules vs Shared modules. Organization patterns?,,false,false,false,false,false,false,false,,0,6,5,0,,0,0,,0,,0,,,,1787282780488
ANGULAR,Angular Core & Fundamentals,Angular Core & Fundamentals,Barrel exports. Import path simplification?,,false,false,false,false,false,false,false,,0,6,5,0,,0,0,,0,,0,,,,1787282780488
ANGULAR,Angular Core & Fundamentals,Angular Core & Fundamentals,Dependency Injection. Hierarchical injector? Provider scopes?,,false,false,false,false,false,false,false,,0,6,5,0,,0,0,,0,,0,,,,1787282780488
ANGULAR,Angular Core & Fundamentals,Angular Core & Fundamentals,@Injectable() with providedIn. Tree-shaking benefit?,,false,false,false,false,false,false,false,,0,6,5,0,,0,0,,0,,0,,,,1787282780488
ANGULAR,Angular Core & Fundamentals,Angular Core & Fundamentals,InjectionToken for type-safe DI. Real-world use case?,,false,false,false,false,false,false,false,,0,6,5,0,,0,0,,0,,0,,,,1787282780488
ANGULAR,Angular Core & Fundamentals,Angular Core & Fundamentals,Lifecycle hooks: constructor vs ngOnInit vs ngAfterViewInit. Execution order?,,false,false,false,false,false,false,false,,0,6,5,0,,0,0,,0,,0,,,,1787282780488
ANGULAR,Angular Core & Fundamentals,Angular Core & Fundamentals,AfterViewInit for @ViewChild access. Why not in ngOnInit?,,false,false,false,false,false,false,false,,0,6,5,0,,0,0,,0,,0,,,,1787282780488
ANGULAR,Angular Core & Fundamentals,Angular Core & Fundamentals,ngOnDestroy. Memory leak prevention?,,false,false,false,false,false,false,false,,0,6,5,0,,0,0,,0,,0,,,,1787282780488
ANGULAR,Angular Core & Fundamentals,Angular Core & Fundamentals,ChangeDetectionStrategy.OnPush. When use? Performance impact?,,false,false,false,false,false,false,false,,0,6,5,0,,0,0,,0,,0,,,,1787282780488
ANGULAR,Angular Core & Fundamentals,Angular Core & Fundamentals,Change detection cycle. Why manual detectChanges() sometimes needed?,,false,false,false,false,false,false,false,,0,6,5,0,,0,0,,0,,0,,,,1787282780488
ANGULAR,Angular Core & Fundamentals,Angular Core & Fundamentals,ExpressionChangedAfterCheckError. Cause? Debug strategy?,,false,false,false,false,false,false,false,,0,6,5,0,,0,0,,0,,0,,,,1787282780488
ANGULAR,Components & Templates,Components & Templates,"Component decorator. selector, template, templateUrl, styles, styleUrls?",,false,false,false,false,false,false,false,,0,6,5,0,,0,0,,0,,0,,,,1787282780488
ANGULAR,Components & Templates,Components & Templates,"Template binding: interpolation, property binding, event binding, two-way binding?",,false,false,false,false,false,false,false,,0,6,5,0,,0,0,,0,,0,,,,1787282780488
ANGULAR,Components & Templates,Components & Templates,"[property]=""value"" vs {{value}}. DOM property vs Angular binding?",,false,false,false,false,false,false,false,,0,6,5,0,,0,0,,0,,0,,,,1787282780488
ANGULAR,Components & Templates,Components & Templates,"(event)=""handler()"" vs @HostListener. When each?",,false,false,false,false,false,false,false,,0,6,5,0,,0,0,,0,,0,,,,1787282780488
ANGULAR,Components & Templates,Components & Templates,Banana-in-a-box [()]. Two-way binding mechanics?,,false,false,false,false,false,false,false,,0,6,5,0,,0,0,,0,,0,,,,1787282780488
ANGULAR,Components & Templates,Components & Templates,$event object. Native DOM event vs Angular synthetic event?,,false,false,false,false,false,false,false,,0,6,5,0,,0,0,,0,,0,,,,1787282780488
ANGULAR,Components & Templates,Components & Templates,@Input vs @Output. Parent-child communication?,,false,false,false,false,false,false,false,,0,6,5,0,,0,0,,0,,0,,,,1787282780488
ANGULAR,Components & Templates,Components & Templates,@Input setter & getter. Complex input handling?,,false,false,false,false,false,false,false,,0,6,5,0,,0,0,,0,,0,,,,1787282780488
ANGULAR,Components & Templates,Components & Templates,@Output EventEmitter. Emit custom events?,,false,false,false,false,false,false,false,,0,6,5,0,,0,0,,0,,0,,,,1787282780488
ANGULAR,Components & Templates,Components & Templates,@ViewChild vs @ViewChildren. Timing issues?,,false,false,false,false,false,false,false,,0,6,5,0,,0,0,,0,,0,,,,1787282780488
ANGULAR,Components & Templates,Components & Templates,@ContentChild vs @ContentChildren. Projected content access?,,false,false,false,false,false,false,false,,0,6,5,0,,0,0,,0,,0,,,,1787282780488
ANGULAR,Components & Templates,Components & Templates,ng-template. Conditional rendering without DOM?,,false,false,false,false,false,false,false,,0,6,5,0,,0,0,,0,,0,,,,1787282780488
ANGULAR,Components & Templates,Components & Templates,ng-container. Structural directive wrapper?,,false,false,false,false,false,false,false,,0,6,5,0,,0,0,,0,,0,,,,1787282780488
ANGULAR,Components & Templates,Components & Templates,TemplateRef & ViewContainerRef. Dynamic component creation?,,false,false,false,false,false,false,false,,0,6,5,0,,0,0,,0,,0,,,,1787282780488
ANGULAR,Data Binding & Reactivity,Data Binding & Reactivity,Event emitter memory leak. Subscription cleanup?,,false,false,false,false,false,false,false,,0,6,5,0,,0,0,,0,,0,,,,1787282780488
ANGULAR,Data Binding & Reactivity,Data Binding & Reactivity,Safe navigation operator (?.). null/undefined handling?,,false,false,false,false,false,false,false,,0,6,5,0,,0,0,,0,,0,,,,1787282780488
ANGULAR,Data Binding & Reactivity,Data Binding & Reactivity,Async pipe. AutoUnsubscribe? Change detection trigger?,,false,false,false,false,false,false,false,,0,6,5,0,,0,0,,0,,0,,,,1787282780488
ANGULAR,Data Binding & Reactivity,Data Binding & Reactivity,Trackby in *ngFor. Performance for large lists?,,false,false,false,false,false,false,false,,0,6,5,0,,0,0,,0,,0,,,,1787282780488
ANGULAR,Data Binding & Reactivity,Data Binding & Reactivity,*ngIf vs [hidden]. DOM removal vs CSS display?,,false,false,false,false,false,false,false,,0,6,5,0,,0,0,,0,,0,,,,1787282780488
ANGULAR,Data Binding & Reactivity,Data Binding & Reactivity,*ngSwitch. Multiple conditional rendering?,,false,false,false,false,false,false,false,,0,6,5,0,,0,0,,0,,0,,,,1787282780488
ANGULAR,Data Binding & Reactivity,Data Binding & Reactivity,String interpolation with filters. {{ value | currency }}.?,,false,false,false,false,false,false,false,,0,6,5,0,,0,0,,0,,0,,,,1787282780488
ANGULAR,Data Binding & Reactivity,Data Binding & Reactivity,Pipe chaining. Order matters?,,false,false,false,false,false,false,false,,0,6,5,0,,0,0,,0,,0,,,,1787282780488
ANGULAR,Data Binding & Reactivity,Data Binding & Reactivity,Pure vs Impure pipes. Execution frequency?,,false,false,false,false,false,false,false,,0,6,5,0,,0,0,,0,,0,,,,1787282780488
ANGULAR,Data Binding & Reactivity,Data Binding & Reactivity,Custom pipe creation. Real-world example?,,false,false,false,false,false,false,false,,0,6,5,0,,0,0,,0,,0,,,,1787282780488
ANGULAR,Data Binding & Reactivity,Data Binding & Reactivity,ngModel two-way binding. When problematic?,,false,false,false,false,false,false,false,,0,6,5,0,,0,0,,0,,0,,,,1787282780488
ANGULAR,Directives,Directives,"Structural directives: *ngIf, *ngFor, *ngSwitch. Syntax?",,false,false,false,false,false,false,false,,0,6,5,0,,0,0,,0,,0,,,,1787282780488
ANGULAR,Directives,Directives,"Attribute directives. @HostBinding, @HostListener?",,false,false,false,false,false,false,false,,0,6,5,0,,0,0,,0,,0,,,,1787282780488
ANGULAR,Directives,Directives,Custom directive creation. Real use case?,,false,false,false,false,false,false,false,,0,6,5,0,,0,0,,0,,0,,,,1787282780488
ANGULAR,Directives,Directives,"Directive scope. ElementRef, Renderer2?",,false,false,false,false,false,false,false,,0,6,5,0,,0,0,,0,,0,,,,1787282780488
ANGULAR,Directives,Directives,Renderer2 vs direct DOM manipulation. Why prefer Renderer2?,,false,false,false,false,false,false,false,,0,6,5,0,,0,0,,0,,0,,,,1787282780488
ANGULAR,Directives,Directives,@Directive selector specificity. Matching priority?,,false,false,false,false,false,false,false,,0,6,5,0,,0,0,,0,,0,,,,1787282780488
ANGULAR,Reactive Forms,Reactive Forms,"ReactiveFormsModule. Form builders, FormControl, FormGroup, FormArray?",,false,false,false,false,false,false,false,,0,6,5,0,,0,0,,0,,0,,,,1787282780488
ANGULAR,Reactive Forms,Reactive Forms,FormControl vs FormGroup. Nested structures?,,false,false,false,false,false,false,false,,0,6,5,0,,0,0,,0,,0,,,,1787282780488
ANGULAR,Reactive Forms,Reactive Forms,FormBuilder convenience. Shorthand syntax?,,false,false,false,false,false,false,false,,0,6,5,0,,0,0,,0,,0,,,,1787282780488
ANGULAR,Reactive Forms,Reactive Forms,FormArray for dynamic fields. Adding/removing controls?,,false,false,false,false,false,false,false,,0,6,5,0,,0,0,,0,,0,,,,1787282780488
ANGULAR,Reactive Forms,Reactive Forms,"Validators: required, minlength, pattern, custom validators?",,false,false,false,false,false,false,false,,0,6,5,0,,0,0,,0,,0,,,,1787282780488
ANGULAR,Reactive Forms,Reactive Forms,Cross-field validation. Custom validator spanning multiple fields?,,false,false,false,false,false,false,false,,0,6,5,0,,0,0,,0,,0,,,,1787282780488
ANGULAR,Reactive Forms,Reactive Forms,Async validators. Server-side validation (username existence)?,,false,false,false,false,false,false,false,,0,6,5,0,,0,0,,0,,0,,,,1787282780488
ANGULAR,Reactive Forms,Reactive Forms,"Status changes: VALID, INVALID, PENDING. Status tracking?",,false,false,false,false,false,false,false,,0,6,5,0,,0,0,,0,,0,,,,1787282780488
ANGULAR,Reactive Forms,Reactive Forms,Value changes Observable. Subscription memory leaks?,,false,false,false,false,false,false,false,,0,6,5,0,,0,0,,0,,0,,,,1787282780488
ANGULAR,Reactive Forms,Reactive Forms,"markAsTouched, markAsDirty. Form state tracking?",,false,false,false,false,false,false,false,,0,6,5,0,,0,0,,0,,0,,,,1787282780488
ANGULAR,Reactive Forms,Reactive Forms,setValue vs patchValue. Partial updates?,,false,false,false,false,false,false,false,,0,6,5,0,,0,0,,0,,0,,,,1787282780488
ANGULAR,Reactive Forms,Reactive Forms,Disabled form controls. Excluded from form value?,,false,false,false,false,false,false,false,,0,6,5,0,,0,0,,0,,0,,,,1787282780488
ANGULAR,Reactive Forms,Reactive Forms,Form value synchronization. Manual vs auto?,,false,false,false,false,false,false,false,,0,6,5,0,,0,0,,0,,0,,,,1787282780488
ANGULAR,Reactive Forms,Reactive Forms,Form reset. Clearing vs resetting validators?,,false,false,false,false,false,false,false,,0,6,5,0,,0,0,,0,,0,,,,1787282780488
ANGULAR,Reactive Forms,Reactive Forms,Dynamic form creation. Runtime control generation?,,false,false,false,false,false,false,false,,0,6,5,0,,0,0,,0,,0,,,,1787282780488
ANGULAR,Template-Driven Forms,Template-Driven Forms,ngForm & ngModelGroup. Two-way binding?,,false,false,false,false,false,false,false,,0,6,5,0,,0,0,,0,,0,,,,1787282780488
ANGULAR,Template-Driven Forms,Template-Driven Forms,"Form validation with template directives. required, minlength, pattern?",,false,false,false,false,false,false,false,,0,6,5,0,,0,0,,0,,0,,,,1787282780488
ANGULAR,Template-Driven Forms,Template-Driven Forms,ngModel binding. When to avoid?,,false,false,false,false,false,false,false,,0,6,5,0,,0,0,,0,,0,,,,1787282780488
ANGULAR,Template-Driven Forms,Template-Driven Forms,Template-driven vs Reactive forms. Trade-offs?,,false,false,false,false,false,false,false,,0,6,5,0,,0,0,,0,,0,,,,1787282780488
ANGULAR,Services & DI,Services & DI,Service singleton pattern. Provided at root vs component level?,,false,false,false,false,false,false,false,,0,6,5,0,,0,0,,0,,0,,,,1787282780488
ANGULAR,Services & DI,Services & DI,@Injectable() decorator. providedIn: 'root' tree-shaking?,,false,false,false,false,false,false,false,,0,6,5,0,,0,0,,0,,0,,,,1787282780488
ANGULAR,Services & DI,Services & DI,Hierarchical injection. Child component provider override?,,false,false,false,false,false,false,false,,0,6,5,0,,0,0,,0,,0,,,,1787282780488
ANGULAR,Services & DI,Services & DI,Multi-provider. Array of services?,,false,false,false,false,false,false,false,,0,6,5,0,,0,0,,0,,0,,,,1787282780488
ANGULAR,Services & DI,Services & DI,"useClass, useValue, useFactory, useExisting providers?",,false,false,false,false,false,false,false,,0,6,5,0,,0,0,,0,,0,,,,1787282780488
ANGULAR,Services & DI,Services & DI,Factory function for complex initialization?,,false,false,false,false,false,false,false,,0,6,5,0,,0,0,,0,,0,,,,1787282780488
ANGULAR,Services & DI,Services & DI,NgZone. Running outside Angular zone for performance?,,false,false,false,false,false,false,false,,0,6,5,0,,0,0,,0,,0,,,,1787282780488
ANGULAR,Services & DI,Services & DI,ApplicationInitializer. Bootstrap-time initialization?,,false,false,false,false,false,false,false,,0,6,5,0,,0,0,,0,,0,,,,1787282780488
ANGULAR,Services & DI,Services & DI,APP_INITIALIZER. Async data loading before app start?,,false,false,false,false,false,false,false,,0,6,5,0,,0,0,,0,,0,,,,1787282780488
ANGULAR,RxJS & Observables,RxJS & Observables,"Observable creation. of(), from(), interval(), Subject?",,false,false,false,false,false,false,false,,0,6,5,0,,0,0,,0,,0,,,,1787282780488
ANGULAR,RxJS & Observables,RxJS & Observables,Cold observables vs Hot observables. Subscription behavior?,,false,false,false,false,false,false,false,,0,6,5,0,,0,0,,0,,0,,,,1787282780488
ANGULAR,RxJS & Observables,RxJS & Observables,Subject vs BehaviorSubject vs ReplaySubject. Use cases?,,false,false,false,false,false,false,false,,0,6,5,0,,0,0,,0,,0,,,,1787282780488
ANGULAR,RxJS & Observables,RxJS & Observables,Subscription management. Memory leaks from unreleased subscriptions?,,false,false,false,false,false,false,false,,0,6,5,0,,0,0,,0,,0,,,,1787282780488
ANGULAR,RxJS & Observables,RxJS & Observables,"Unsubscribe pattern. takeUntil, async pipe alternatives?",,false,false,false,false,false,false,false,,0,6,5,0,,0,0,,0,,0,,,,1787282780488
ANGULAR,RxJS & Observables,RxJS & Observables,"Operators: map, filter, switchMap, mergeMap, concatMap, exhaustMap?",,false,false,false,false,false,false,false,,0,6,5,0,,0,0,,0,,0,,,,1787282780488
ANGULAR,RxJS & Observables,RxJS & Observables,switchMap vs mergeMap vs concatMap. Concurrency & ordering?,,false,false,false,false,false,false,false,,0,6,5,0,,0,0,,0,,0,,,,1787282780488
ANGULAR,RxJS & Observables,RxJS & Observables,exhaustMap for button clicks. Ignore while processing?,,false,false,false,false,false,false,false,,0,6,5,0,,0,0,,0,,0,,,,1787282780488
ANGULAR,RxJS & Observables,RxJS & Observables,shareReplay operator. Preventing duplicate subscriptions?,,false,false,false,false,false,false,false,,0,6,5,0,,0,0,,0,,0,,,,1787282780488
ANGULAR,RxJS & Observables,RxJS & Observables,share vs shareReplay. When refcount matters?,,false,false,false,false,false,false,false,,0,6,5,0,,0,0,,0,,0,,,,1787282780488
ANGULAR,RxJS & Observables,RxJS & Observables,tap operator. Side effects without transformation?,,false,false,false,false,false,false,false,,0,6,5,0,,0,0,,0,,0,,,,1787282780488
ANGULAR,RxJS & Observables,RxJS & Observables,catchError operator. Error recovery?,,false,false,false,false,false,false,false,,0,6,5,0,,0,0,,0,,0,,,,1787282780488
ANGULAR,RxJS & Observables,RxJS & Observables,retry operator. Exponential backoff with delay?,,false,false,false,false,false,false,false,,0,6,5,0,,0,0,,0,,0,,,,1787282780488
ANGULAR,RxJS & Observables,RxJS & Observables,debounceTime vs throttleTime. User input optimization?,,false,false,false,false,false,false,false,,0,6,5,0,,0,0,,0,,0,,,,1787282780488
ANGULAR,RxJS & Observables,RxJS & Observables,distinctUntilChanged. Duplicate prevention?,,false,false,false,false,false,false,false,,0,6,5,0,,0,0,,0,,0,,,,1787282780488
ANGULAR,RxJS & Observables,RxJS & Observables,combineLatest vs merge vs zip. Multi-stream combination?,,false,false,false,false,false,false,false,,0,6,5,0,,0,0,,0,,0,,,,1787282780488
ANGULAR,RxJS & Observables,RxJS & Observables,forkJoin for parallel requests. All must complete?,,false,false,false,false,false,false,false,,0,6,5,0,,0,0,,0,,0,,,,1787282780488
ANGULAR,RxJS & Observables,RxJS & Observables,Higher-order observables. Flattening operators?,,false,false,false,false,false,false,false,,0,6,5,0,,0,0,,0,,0,,,,1787282780488
ANGULAR,RxJS & Observables,RxJS & Observables,Observable vs Promise. When each?,,false,false,false,false,false,false,false,,0,6,5,0,,0,0,,0,,0,,,,1787282780488
ANGULAR,RxJS & Observables,RxJS & Observables,Async pipe with Observable. Auto-unsubscribe on destroy?,,false,false,false,false,false,false,false,,0,6,5,0,,0,0,,0,,0,,,,1787282780488
ANGULAR,RxJS & Observables,RxJS & Observables,RxJS memory leak scenarios. Detection & prevention?,,false,false,false,false,false,false,false,,0,6,5,0,,0,0,,0,,0,,,,1787282780488
ANGULAR,HTTP & Interceptors,HTTP & Interceptors,HttpClientModule. Dependency injection?,,false,false,false,false,false,false,false,,0,6,5,0,,0,0,,0,,0,,,,1787282780488
ANGULAR,HTTP & Interceptors,HTTP & Interceptors,"HttpClient methods: get, post, put, delete. Request/response types?",,false,false,false,false,false,false,false,,0,6,5,0,,0,0,,0,,0,,,,1787282780488
ANGULAR,HTTP & Interceptors,HTTP & Interceptors,Type-safe HTTP responses. Generic response types?,,false,false,false,false,false,false,false,,0,6,5,0,,0,0,,0,,0,,,,1787282780488
ANGULAR,HTTP & Interceptors,HTTP & Interceptors,HttpInterceptor. Request/response modification?,,false,false,false,false,false,false,false,,0,6,5,0,,0,0,,0,,0,,,,1787282780488
ANGULAR,HTTP & Interceptors,HTTP & Interceptors,Interceptor order. Multiple interceptors chaining?,,false,false,false,false,false,false,false,,0,6,5,0,,0,0,,0,,0,,,,1787282780488
ANGULAR,HTTP & Interceptors,HTTP & Interceptors,Error interceptor. Global error handling?,,false,false,false,false,false,false,false,,0,6,5,0,,0,0,,0,,0,,,,1787282780488
ANGULAR,HTTP & Interceptors,HTTP & Interceptors,JWT token interceptor. Authorization header injection?,,false,false,false,false,false,false,false,,0,6,5,0,,0,0,,0,,0,,,,1787282780488
ANGULAR,HTTP & Interceptors,HTTP & Interceptors,Request timeout interceptor. timeout operator?,,false,false,false,false,false,false,false,,0,6,5,0,,0,0,,0,,0,,,,1787282780488
ANGULAR,HTTP & Interceptors,HTTP & Interceptors,CORS configuration. Preflight requests?,,false,false,false,false,false,false,false,,0,6,5,0,,0,0,,0,,0,,,,1787282780488
ANGULAR,HTTP & Interceptors,HTTP & Interceptors,Error handling in HTTP calls. HttpErrorResponse?,,false,false,false,false,false,false,false,,0,6,5,0,,0,0,,0,,0,,,,1787282780488
ANGULAR,HTTP & Interceptors,HTTP & Interceptors,Retry logic. HTTP requests retry on failure?,,false,false,false,false,false,false,false,,0,6,5,0,,0,0,,0,,0,,,,1787282780488
ANGULAR,HTTP & Interceptors,HTTP & Interceptors,Request cancellation. Unsubscribe vs AbortController?,,false,false,false,false,false,false,false,,0,6,5,0,,0,0,,0,,0,,,,1787282780488
ANGULAR,HTTP & Interceptors,HTTP & Interceptors,Response caching. HTTP caching vs application caching?,,false,false,false,false,false,false,false,,0,6,5,0,,0,0,,0,,0,,,,1787282780488
ANGULAR,Routing & Navigation,Routing & Navigation,RouterModule & Routes configuration. Path matching?,,false,false,false,false,false,false,false,,0,6,5,0,,0,0,,0,,0,,,,1787282780488
ANGULAR,Routing & Navigation,Routing & Navigation,Router.navigate vs Router.navigateByUrl. Difference?,,false,false,false,false,false,false,false,,0,6,5,0,,0,0,,0,,0,,,,1787282780488
ANGULAR,Routing & Navigation,Routing & Navigation,Route parameters: path params vs query params?,,false,false,false,false,false,false,false,,0,6,5,0,,0,0,,0,,0,,,,1787282780488
ANGULAR,Routing & Navigation,Routing & Navigation,ParamMap vs QueryParamMap. Subscription vs snapshot?,,false,false,false,false,false,false,false,,0,6,5,0,,0,0,,0,,0,,,,1787282780488
ANGULAR,Routing & Navigation,Routing & Navigation,Lazy loading routes. loadChildren. Code splitting?,,false,false,false,false,false,false,false,,0,6,5,0,,0,0,,0,,0,,,,1787282780488
ANGULAR,Routing & Navigation,Routing & Navigation,"Route guards: CanActivate, CanActivateChild, CanDeactivate. Protection?",,false,false,false,false,false,false,false,,0,6,5,0,,0,0,,0,,0,,,,1787282780488
ANGULAR,Routing & Navigation,Routing & Navigation,CanDeactivate for unsaved changes warning. UX consideration?,,false,false,false,false,false,false,false,,0,6,5,0,,0,0,,0,,0,,,,1787282780488
ANGULAR,Routing & Navigation,Routing & Navigation,Resolve guard. Pre-loading data before component creation?,,false,false,false,false,false,false,false,,0,6,5,0,,0,0,,0,,0,,,,1787282780488
ANGULAR,Routing & Navigation,Routing & Navigation,"Router events. NavigationStart, NavigationEnd, NavigationError?",,false,false,false,false,false,false,false,,0,6,5,0,,0,0,,0,,0,,,,1787282780488
ANGULAR,Routing & Navigation,Routing & Navigation,RouteReuseStrategy. Caching component state across routes?,,false,false,false,false,false,false,false,,0,6,5,0,,0,0,,0,,0,,,,1787282780488
ANGULAR,Routing & Navigation,Routing & Navigation,Wildcard route. 404 handling?,,false,false,false,false,false,false,false,,0,6,5,0,,0,0,,0,,0,,,,1787282780488
ANGULAR,Routing & Navigation,Routing & Navigation,Router preloading strategy. PreloadAllModules vs custom?,,false,false,false,false,false,false,false,,0,6,5,0,,0,0,,0,,0,,,,1787282780488
ANGULAR,Routing & Navigation,Routing & Navigation,AuthGuard implementation. Protected routes?,,false,false,false,false,false,false,false,,0,6,5,0,,0,0,,0,,0,,,,1787282780488
ANGULAR,Routing & Navigation,Routing & Navigation,Redirect routes. redirectTo parameter?,,false,false,false,false,false,false,false,,0,6,5,0,,0,0,,0,,0,,,,1787282780488
ANGULAR,Routing & Navigation,Routing & Navigation,Router state. ActivatedRoute vs ActivatedRouteSnapshot?,,false,false,false,false,false,false,false,,0,6,5,0,,0,0,,0,,0,,,,1787282780488
ANGULAR,NgRx,NgRx,"Redux pattern in Angular. Actions, Reducers, Effects, Selectors?",,false,false,false,false,false,false,false,,0,6,5,0,,0,0,,0,,0,,,,1787282780488
ANGULAR,NgRx,NgRx,Action creators. Typed actions?,,false,false,false,false,false,false,false,,0,6,5,0,,0,0,,0,,0,,,,1787282780488
ANGULAR,NgRx,NgRx,Reducer pure functions. State immutability?,,false,false,false,false,false,false,false,,0,6,5,0,,0,0,,0,,0,,,,1787282780488
ANGULAR,NgRx,NgRx,Effects for side effects. ofType operator for action filtering?,,false,false,false,false,false,false,false,,0,6,5,0,,0,0,,0,,0,,,,1787282780488
ANGULAR,NgRx,NgRx,mergeMap vs switchMap vs concatMap in effects. Concurrency handling?,,false,false,false,false,false,false,false,,0,6,5,0,,0,0,,0,,0,,,,1787282780488
ANGULAR,NgRx,NgRx,Selectors. Memoization? createSelector?,,false,false,false,false,false,false,false,,0,6,5,0,,0,0,,0,,0,,,,1787282780488
ANGULAR,NgRx,NgRx,Feature store. Store composition?,,false,false,false,false,false,false,false,,0,6,5,0,,0,0,,0,,0,,,,1787282780488
ANGULAR,NgRx,NgRx,Store devtools. Time-travel debugging?,,false,false,false,false,false,false,false,,0,6,5,0,,0,0,,0,,0,,,,1787282780488
ANGULAR,NgRx,NgRx,Entity adapter. Normalized state management?,,false,false,false,false,false,false,false,,0,6,5,0,,0,0,,0,,0,,,,1787282780488
ANGULAR,NgRx,NgRx,Facade service. Abstraction over store?,,false,false,false,false,false,false,false,,0,6,5,0,,0,0,,0,,0,,,,1787282780488
ANGULAR,Alternative State Management,Alternative State Management,Akita vs NgRx. When simpler approach?,,false,false,false,false,false,false,false,,0,6,5,0,,0,0,,0,,0,,,,1787282780488
ANGULAR,Alternative State Management,Alternative State Management,RxJS only state management. BehaviorSubject pattern?,,false,false,false,false,false,false,false,,0,6,5,0,,0,0,,0,,0,,,,1787282780488
ANGULAR,Alternative State Management,Alternative State Management,State management with signals (Angular 16+)?,,false,false,false,false,false,false,false,,0,6,5,0,,0,0,,0,,0,,,,1787282780488
ANGULAR,Change Detection & Performance,Change Detection & Performance,OnPush change detection strategy. Performance optimization?,,false,false,false,false,false,false,false,,0,6,5,0,,0,0,,0,,0,,,,1787282780488
ANGULAR,Change Detection & Performance,Change Detection & Performance,Default change detection. Checking all components on events?,,false,false,false,false,false,false,false,,0,6,5,0,,0,0,,0,,0,,,,1787282780488
ANGULAR,Change Detection & Performance,Change Detection & Performance,Angular Zone. Running outside zone for performance?,,false,false,false,false,false,false,false,,0,6,5,0,,0,0,,0,,0,,,,1787282780488
ANGULAR,Change Detection & Performance,Change Detection & Performance,ChangeDetectorRef.detectChanges(). Manual change detection?,,false,false,false,false,false,false,false,,0,6,5,0,,0,0,,0,,0,,,,1787282780488
ANGULAR,Change Detection & Performance,Change Detection & Performance,ChangeDetectorRef.detach(). Disable change detection?,,false,false,false,false,false,false,false,,0,6,5,0,,0,0,,0,,0,,,,1787282780488
ANGULAR,Change Detection & Performance,Change Detection & Performance,ExpressionChangedAfterCheckError. Debugging?,,false,false,false,false,false,false,false,,0,6,5,0,,0,0,,0,,0,,,,1787282780488
ANGULAR,Change Detection & Performance,Change Detection & Performance,Micro-tasks & macro-tasks. Zone.js interaction?,,false,false,false,false,false,false,false,,0,6,5,0,,0,0,,0,,0,,,,1787282780488
ANGULAR,Change Detection & Performance,Change Detection & Performance,Performance profiling. Chrome DevTools Angular plugin?,,false,false,false,false,false,false,false,,0,6,5,0,,0,0,,0,,0,,,,1787282780488
ANGULAR,Change Detection & Performance,Change Detection & Performance,Virtual scrolling. Large lists performance?,,false,false,false,false,false,false,false,,0,6,5,0,,0,0,,0,,0,,,,1787282780488
ANGULAR,Change Detection & Performance,Change Detection & Performance,Unidirectional data flow. Predictability?,,false,false,false,false,false,false,false,,0,6,5,0,,0,0,,0,,0,,,,1787282780488
ANGULAR,Change Detection & Performance,Change Detection & Performance,Memory profiling in Angular apps. Heap dumps?,,false,false,false,false,false,false,false,,0,6,5,0,,0,0,,0,,0,,,,1787282780488
ANGULAR,Change Detection & Performance,Change Detection & Performance,Component reuse. trackBy in loops?,,false,false,false,false,false,false,false,,0,6,5,0,,0,0,,0,,0,,,,1787282780488
ANGULAR,Forms Validation & Custom Validators,Forms Validation & Custom Validators,"Built-in validators: Validators.required, Validators.minLength?",,false,false,false,false,false,false,false,,0,6,5,0,,0,0,,0,,0,,,,1787282780488
ANGULAR,Forms Validation & Custom Validators,Forms Validation & Custom Validators,Async validator: AsyncValidators.uniqueUsername()?,,false,false,false,false,false,false,false,,0,6,5,0,,0,0,,0,,0,,,,1787282780488
ANGULAR,Forms Validation & Custom Validators,Forms Validation & Custom Validators,Custom validator function. ValidationError object?,,false,false,false,false,false,false,false,,0,6,5,0,,0,0,,0,,0,,,,1787282780488
ANGULAR,Forms Validation & Custom Validators,Forms Validation & Custom Validators,Cross-field validation. Validator on FormGroup?,,false,false,false,false,false,false,false,,0,6,5,0,,0,0,,0,,0,,,,1787282780488
ANGULAR,Forms Validation & Custom Validators,Forms Validation & Custom Validators,Conditional validation. Enable/disable validators dynamically?,,false,false,false,false,false,false,false,,0,6,5,0,,0,0,,0,,0,,,,1787282780488
ANGULAR,Forms Validation & Custom Validators,Forms Validation & Custom Validators,Validator composition. Multiple validators on single control?,,false,false,false,false,false,false,false,,0,6,5,0,,0,0,,0,,0,,,,1787282780488
ANGULAR,Forms Validation & Custom Validators,Forms Validation & Custom Validators,Error message display. Error object structure?,,false,false,false,false,false,false,false,,0,6,5,0,,0,0,,0,,0,,,,1787282780488
ANGULAR,Forms Validation & Custom Validators,Forms Validation & Custom Validators,"Touched, dirty, pristine states. Form state tracking?",,false,false,false,false,false,false,false,,0,6,5,0,,0,0,,0,,0,,,,1787282780488
ANGULAR,Forms Validation & Custom Validators,Forms Validation & Custom Validators,Form reset. Clearing errors?,,false,false,false,false,false,false,false,,0,6,5,0,,0,0,,0,,0,,,,1787282780488
ANGULAR,Testing,Testing,TestBed setup. ComponentFixture?,,false,false,false,false,false,false,false,,0,6,5,0,,0,0,,0,,0,,,,1787282780488
ANGULAR,Testing,Testing,@Component as test helper. Minimal test component?,,false,false,false,false,false,false,false,,0,6,5,0,,0,0,,0,,0,,,,1787282780488
ANGULAR,Testing,Testing,fixture.detectChanges(). Manual change detection?,,false,false,false,false,false,false,false,,0,6,5,0,,0,0,,0,,0,,,,1787282780488
ANGULAR,Testing,Testing,fixture.debugElement. DOM element access?,,false,false,false,false,false,false,false,,0,6,5,0,,0,0,,0,,0,,,,1787282780488
ANGULAR,Testing,Testing,DebugElement vs HTMLElement. Angular vs native?,,false,false,false,false,false,false,false,,0,6,5,0,,0,0,,0,,0,,,,1787282780488
ANGULAR,Testing,Testing,ComponentFixture.whenStable(). Async operations?,,false,false,false,false,false,false,false,,0,6,5,0,,0,0,,0,,0,,,,1787282780488
ANGULAR,Testing,Testing,HttpTestingController. HTTP request mocking?,,false,false,false,false,false,false,false,,0,6,5,0,,0,0,,0,,0,,,,1787282780488
ANGULAR,Testing,Testing,MockService vs Spy. When each?,,false,false,false,false,false,false,false,,0,6,5,0,,0,0,,0,,0,,,,1787282780488
ANGULAR,Testing,Testing,@Input/@Output testing. Direct property vs event testing?,,false,false,false,false,false,false,false,,0,6,5,0,,0,0,,0,,0,,,,1787282780488
ANGULAR,Testing,Testing,"Template testing. Click events, input changes?",,false,false,false,false,false,false,false,,0,6,5,0,,0,0,,0,,0,,,,1787282780488
ANGULAR,Testing,Testing,Directive testing. Host component pattern?,,false,false,false,false,false,false,false,,0,6,5,0,,0,0,,0,,0,,,,1787282780488
ANGULAR,Testing,Testing,Service testing. Dependency injection?,,false,false,false,false,false,false,false,,0,6,5,0,,0,0,,0,,0,,,,1787282780488
ANGULAR,Testing,Testing,Observable testing. marble testing with jasmine-marbles?,,false,false,false,false,false,false,false,,0,6,5,0,,0,0,,0,,0,,,,1787282780488
ANGULAR,Testing,Testing,fakeAsync & tick. Async time progression?,,false,false,false,false,false,false,false,,0,6,5,0,,0,0,,0,,0,,,,1787282780488
ANGULAR,Testing,Testing,async helper. Promise-based async testing?,,false,false,false,false,false,false,false,,0,6,5,0,,0,0,,0,,0,,,,1787282780488
ANGULAR,Testing,Testing,waitForAsync. Latest async helper (Angular 12+)?,,false,false,false,false,false,false,false,,0,6,5,0,,0,0,,0,,0,,,,1787282780488
ANGULAR,Testing,Testing,E2E testing with Cypress vs Protractor. Protractor deprecated?,,false,false,false,false,false,false,false,,0,6,5,0,,0,0,,0,,0,,,,1787282780488
ANGULAR,Testing,Testing,Component integration testing. Full feature testing?,,false,false,false,false,false,false,false,,0,6,5,0,,0,0,,0,,0,,,,1787282780488
ANGULAR,Testing,Testing,Code coverage. Target percentage?,,false,false,false,false,false,false,false,,0,6,5,0,,0,0,,0,,0,,,,1787282780488
ANGULAR,TypeScript & Type Safety,TypeScript & Type Safety,"Generic types in Angular. Generic components, services?",,false,false,false,false,false,false,false,,0,6,5,0,,0,0,,0,,0,,,,1787282780488
ANGULAR,TypeScript & Type Safety,TypeScript & Type Safety,"Strict mode. strictNullChecks, strictFunctionTypes implications?",,false,false,false,false,false,false,false,,0,6,5,0,,0,0,,0,,0,,,,1787282780488
ANGULAR,TypeScript & Type Safety,TypeScript & Type Safety,"Type guards. instanceof, in operator, user-defined type guards?",,false,false,false,false,false,false,false,,0,6,5,0,,0,0,,0,,0,,,,1787282780488
ANGULAR,TypeScript & Type Safety,TypeScript & Type Safety,Discriminated unions. Type narrowing?,,false,false,false,false,false,false,false,,0,6,5,0,,0,0,,0,,0,,,,1787282780488
ANGULAR,TypeScript & Type Safety,TypeScript & Type Safety,"Utility types: Partial, Pick, Omit, Record, Readonly?",,false,false,false,false,false,false,false,,0,6,5,0,,0,0,,0,,0,,,,1787282780488
ANGULAR,TypeScript & Type Safety,TypeScript & Type Safety,keyof operator. Type-safe object keys?,,false,false,false,false,false,false,false,,0,6,5,0,,0,0,,0,,0,,,,1787282780488
ANGULAR,TypeScript & Type Safety,TypeScript & Type Safety,Conditional types. Advanced type logic?,,false,false,false,false,false,false,false,,0,6,5,0,,0,0,,0,,0,,,,1787282780488
ANGULAR,TypeScript & Type Safety,TypeScript & Type Safety,Type inference. Avoiding explicit type annotations?,,false,false,false,false,false,false,false,,0,6,5,0,,0,0,,0,,0,,,,1787282780488
ANGULAR,TypeScript & Type Safety,TypeScript & Type Safety,Interface vs Type alias. When each?,,false,false,false,false,false,false,false,,0,6,5,0,,0,0,,0,,0,,,,1787282780488
ANGULAR,TypeScript & Type Safety,TypeScript & Type Safety,Readonly properties. Immutability enforcement?,,false,false,false,false,false,false,false,,0,6,5,0,,0,0,,0,,0,,,,1787282780488
ANGULAR,Signals & New Features (Angular 16+),Signals & New Features (Angular 16+),Signals primitive. Reactivity without Observables?,,false,false,false,false,false,false,false,,0,6,5,0,,0,0,,0,,0,,,,1787282780488
ANGULAR,Signals & New Features (Angular 16+),Signals & New Features (Angular 16+),computed() signals. Derived state?,,false,false,false,false,false,false,false,,0,6,5,0,,0,0,,0,,0,,,,1787282780488
ANGULAR,Signals & New Features (Angular 16+),Signals & New Features (Angular 16+),effect() for side effects. Auto-tracking dependencies?,,false,false,false,false,false,false,false,,0,6,5,0,,0,0,,0,,0,,,,1787282780488
ANGULAR,Signals & New Features (Angular 16+),Signals & New Features (Angular 16+),Signal vs Observable. When each?,,false,false,false,false,false,false,false,,0,6,5,0,,0,0,,0,,0,,,,1787282780488
ANGULAR,Signals & New Features (Angular 16+),Signals & New Features (Angular 16+),Input signal. @Input migration path?,,false,false,false,false,false,false,false,,0,6,5,0,,0,0,,0,,0,,,,1787282780488
ANGULAR,Signals & New Features (Angular 16+),Signals & New Features (Angular 16+),Output signal. @Output alternative?,,false,false,false,false,false,false,false,,0,6,5,0,,0,0,,0,,0,,,,1787282780488
ANGULAR,Signals & New Features (Angular 16+),Signals & New Features (Angular 16+),Signal-based change detection. Impact on performance?,,false,false,false,false,false,false,false,,0,6,5,0,,0,0,,0,,0,,,,1787282780488
ANGULAR,Signals & New Features (Angular 16+),Signals & New Features (Angular 16+),Standalone components. Module-less components?,,false,false,false,false,false,false,false,,0,6,5,0,,0,0,,0,,0,,,,1787282780488
ANGULAR,Signals & New Features (Angular 16+),Signals & New Features (Angular 16+),Functional bootstrapping. bootstrapApplication()?,,false,false,false,false,false,false,false,,0,6,5,0,,0,0,,0,,0,,,,1787282780488
ANGULAR,Signals & New Features (Angular 16+),Signals & New Features (Angular 16+),Functional route guards. providersIn route config?,,false,false,false,false,false,false,false,,0,6,5,0,,0,0,,0,,0,,,,1787282780488
ANGULAR,Advanced Concepts,Advanced Concepts,Custom elements (Web Components) in Angular?,,false,false,false,false,false,false,false,,0,6,5,0,,0,0,,0,,0,,,,1787282780488
ANGULAR,Advanced Concepts,Advanced Concepts,ElementRef vs TemplateRef vs ViewContainerRef. Component rendering?,,false,false,false,false,false,false,false,,0,6,5,0,,0,0,,0,,0,,,,1787282780488
ANGULAR,Advanced Concepts,Advanced Concepts,Projecting content. ng-content with selectors?,,false,false,false,false,false,false,false,,0,6,5,0,,0,0,,0,,0,,,,1787282780488
ANGULAR,Advanced Concepts,Advanced Concepts,Multi-slot content projection. Complex scenarios?,,false,false,false,false,false,false,false,,0,6,5,0,,0,0,,0,,0,,,,1787282780488
ANGULAR,Advanced Concepts,Advanced Concepts,Dynamic component creation. ComponentFactoryResolver (deprecated in Angular 13)?,,false,false,false,false,false,false,false,,0,6,5,0,,0,0,,0,,0,,,,1787282780488
ANGULAR,Advanced Concepts,Advanced Concepts,ComponentRef. Dynamic component lifecycle?,,false,false,false,false,false,false,false,,0,6,5,0,,0,0,,0,,0,,,,1787282780488
ANGULAR,Advanced Concepts,Advanced Concepts,ViewContainerRef.createComponent(). Manual insertion?,,false,false,false,false,false,false,false,,0,6,5,0,,0,0,,0,,0,,,,1787282780488
ANGULAR,Advanced Concepts,Advanced Concepts,Portal components. Material CDK?,,false,false,false,false,false,false,false,,0,6,5,0,,0,0,,0,,0,,,,1787282780488
ANGULAR,Advanced Concepts,Advanced Concepts,Custom animations. @angular/animations?,,false,false,false,false,false,false,false,,0,6,5,0,,0,0,,0,,0,,,,1787282780488
ANGULAR,Advanced Concepts,Advanced Concepts,Transition state machine. Animation triggers?,,false,false,false,false,false,false,false,,0,6,5,0,,0,0,,0,,0,,,,1787282780488
ANGULAR,Advanced Concepts,Advanced Concepts,Reusable animations. animation definitions?,,false,false,false,false,false,false,false,,0,6,5,0,,0,0,,0,,0,,,,1787282780488
ANGULAR,Advanced Concepts,Advanced Concepts,i18n localization. ngx-translate?,,false,false,false,false,false,false,false,,0,6,5,0,,0,0,,0,,0,,,,1787282780488
ANGULAR,Advanced Concepts,Advanced Concepts,Multi-language support. LOCALE_ID provider?,,false,false,false,false,false,false,false,,0,6,5,0,,0,0,,0,,0,,,,1787282780488
ANGULAR,Performance Optimization,Performance Optimization,Bundle size analysis. webpack-bundle-analyzer?,,false,false,false,false,false,false,false,,0,6,5,0,,0,0,,0,,0,,,,1787282780488
ANGULAR,Performance Optimization,Performance Optimization,Tree shaking. providedIn: 'root' for unused services?,,false,false,false,false,false,false,false,,0,6,5,0,,0,0,,0,,0,,,,1787282780488
ANGULAR,Performance Optimization,Performance Optimization,Lazy loading. Code splitting by route?,,false,false,false,false,false,false,false,,0,6,5,0,,0,0,,0,,0,,,,1787282780488
ANGULAR,Performance Optimization,Performance Optimization,Preloading strategy. Custom preload logic?,,false,false,false,false,false,false,false,,0,6,5,0,,0,0,,0,,0,,,,1787282780488
ANGULAR,Performance Optimization,Performance Optimization,"Image optimization. WebP, responsive images?",,false,false,false,false,false,false,false,,0,6,5,0,,0,0,,0,,0,,,,1787282780488
ANGULAR,Performance Optimization,Performance Optimization,"Compression. gzip, brotli?",,false,false,false,false,false,false,false,,0,6,5,0,,0,0,,0,,0,,,,1787282780488
ANGULAR,Performance Optimization,Performance Optimization,Minification. Production build optimization?,,false,false,false,false,false,false,false,,0,6,5,0,,0,0,,0,,0,,,,1787282780488
ANGULAR,Performance Optimization,Performance Optimization,AOT compilation. Ahead-of-time vs Just-in-time?,,false,false,false,false,false,false,false,,0,6,5,0,,0,0,,0,,0,,,,1787282780488
ANGULAR,Performance Optimization,Performance Optimization,Differential loading. Polyfill distribution?,,false,false,false,false,false,false,false,,0,6,5,0,,0,0,,0,,0,,,,1787282780488
ANGULAR,Performance Optimization,Performance Optimization,Virtual scrolling for large lists. CDK ScrollingModule?,,false,false,false,false,false,false,false,,0,6,5,0,,0,0,,0,,0,,,,1787282780488
ANGULAR,Performance Optimization,Performance Optimization,Infinite scroll. Pagination vs scroll-to-load?,,false,false,false,false,false,false,false,,0,6,5,0,,0,0,,0,,0,,,,1787282780488
ANGULAR,Performance Optimization,Performance Optimization,Memoization in selectors. createSelector?,,false,false,false,false,false,false,false,,0,6,5,0,,0,0,,0,,0,,,,1787282780488
ANGULAR,Performance Optimization,Performance Optimization,OnPush change detection at scale. Impact on large apps?,,false,false,false,false,false,false,false,,0,6,5,0,,0,0,,0,,0,,,,1787282780488
ANGULAR,Performance Optimization,Performance Optimization,Web Workers. CPU-intensive operations?,,false,false,false,false,false,false,false,,0,6,5,0,,0,0,,0,,0,,,,1787282780488
ANGULAR,Performance Optimization,Performance Optimization,"Service Workers. Offline support, caching?",,false,false,false,false,false,false,false,,0,6,5,0,,0,0,,0,,0,,,,1787282780488
ANGULAR,Performance Optimization,Performance Optimization,Caching strategies. Cache-first vs network-first?,,false,false,false,false,false,false,false,,0,6,5,0,,0,0,,0,,0,,,,1787282780488
ANGULAR,Security,Security,XSS prevention. Sanitization with DomSanitizer?,,false,false,false,false,false,false,false,,0,6,5,0,,0,0,,0,,0,,,,1787282780488
ANGULAR,Security,Security,bypassSecurityTrustHtml. When use? Risks?,,false,false,false,false,false,false,false,,0,6,5,0,,0,0,,0,,0,,,,1787282780488
ANGULAR,Security,Security,Template injection. Safe vs unsafe?,,false,false,false,false,false,false,false,,0,6,5,0,,0,0,,0,,0,,,,1787282780488
ANGULAR,Security,Security,CSRF token handling. HttpInterceptor?,,false,false,false,false,false,false,false,,0,6,5,0,,0,0,,0,,0,,,,1787282780488
ANGULAR,Security,Security,Content Security Policy (CSP). Configuration?,,false,false,false,false,false,false,false,,0,6,5,0,,0,0,,0,,0,,,,1787282780488
ANGULAR,Security,Security,CORS. Proxy in development?,,false,false,false,false,false,false,false,,0,6,5,0,,0,0,,0,,0,,,,1787282780488
ANGULAR,Security,Security,Authentication token storage. LocalStorage vs SessionStorage vs Cookies?,,false,false,false,false,false,false,false,,0,6,5,0,,0,0,,0,,0,,,,1787282780488
ANGULAR,Security,Security,JWT token refresh. Automatic refresh mechanism?,,false,false,false,false,false,false,false,,0,6,5,0,,0,0,,0,,0,,,,1787282780488
ANGULAR,Security,Security,HttpOnly cookies. HttpInterceptor prevention?,,false,false,false,false,false,false,false,,0,6,5,0,,0,0,,0,,0,,,,1787282780488
ANGULAR,Security,Security,Dependency vulnerabilities. npm audit?,,false,false,false,false,false,false,false,,0,6,5,0,,0,0,,0,,0,,,,1787282780488
ANGULAR,Server-Side Rendering (SSR),Server-Side Rendering (SSR),Angular Universal. Server-side rendering benefits?,,false,false,false,false,false,false,false,,0,6,5,0,,0,0,,0,,0,,,,1787282780488
ANGULAR,Server-Side Rendering (SSR),Server-Side Rendering (SSR),Hydration. Server-sent HTML reuse in client?,,false,false,false,false,false,false,false,,0,6,5,0,,0,0,,0,,0,,,,1787282780488
ANGULAR,Server-Side Rendering (SSR),Server-Side Rendering (SSR),HTTP request handling on server. transferState?,,false,false,false,false,false,false,false,,0,6,5,0,,0,0,,0,,0,,,,1787282780488
ANGULAR,Server-Side Rendering (SSR),Server-Side Rendering (SSR),Relative paths. Server vs client URL differences?,,false,false,false,false,false,false,false,,0,6,5,0,,0,0,,0,,0,,,,1787282780488
ANGULAR,Server-Side Rendering (SSR),Server-Side Rendering (SSR),Zone.js on server. Event handling?,,false,false,false,false,false,false,false,,0,6,5,0,,0,0,,0,,0,,,,1787282780488
ANGULAR,Server-Side Rendering (SSR),Server-Side Rendering (SSR),Build process. npm run build:ssr?,,false,false,false,false,false,false,false,,0,6,5,0,,0,0,,0,,0,,,,1787282780488
ANGULAR,Server-Side Rendering (SSR),Server-Side Rendering (SSR),Performance metrics. First Contentful Paint (FCP) improvement?,,false,false,false,false,false,false,false,,0,6,5,0,,0,0,,0,,0,,,,1787282780488
ANGULAR,Server-Side Rendering (SSR),Server-Side Rendering (SSR),SEO benefits. Meta tags server-rendered?,,false,false,false,false,false,false,false,,0,6,5,0,,0,0,,0,,0,,,,1787282780488
ANGULAR,Build & Deployment,Build & Deployment,Angular CLI. Code generation (ng generate)?,,false,false,false,false,false,false,false,,0,6,5,0,,0,0,,0,,0,,,,1787282780488
ANGULAR,Build & Deployment,Build & Deployment,ng build configuration. production vs development?,,false,false,false,false,false,false,false,,0,6,5,0,,0,0,,0,,0,,,,1787282780488
ANGULAR,Build & Deployment,Build & Deployment,Angular.json configuration. Build options?,,false,false,false,false,false,false,false,,0,6,5,0,,0,0,,0,,0,,,,1787282780488
ANGULAR,Build & Deployment,Build & Deployment,Environment files. environment.ts vs environment.prod.ts?,,false,false,false,false,false,false,false,,0,6,5,0,,0,0,,0,,0,,,,1787282780488
ANGULAR,Build & Deployment,Build & Deployment,Source maps. Debugging production builds?,,false,false,false,false,false,false,false,,0,6,5,0,,0,0,,0,,0,,,,1787282780488
ANGULAR,Build & Deployment,Build & Deployment,Budget limits. Bundle size thresholds?,,false,false,false,false,false,false,false,,0,6,5,0,,0,0,,0,,0,,,,1787282780488
ANGULAR,Build & Deployment,Build & Deployment,Docker containerization. Nginx reverse proxy?,,false,false,false,false,false,false,false,,0,6,5,0,,0,0,,0,,0,,,,1787282780488
ANGULAR,Build & Deployment,Build & Deployment,"CI/CD pipeline integration. GitHub Actions, Jenkins?",,false,false,false,false,false,false,false,,0,6,5,0,,0,0,,0,,0,,,,1787282780488
ANGULAR,Build & Deployment,Build & Deployment,Progressive Web App (PWA). @angular/pwa?,,false,false,false,false,false,false,false,,0,6,5,0,,0,0,,0,,0,,,,1787282780488
ANGULAR,Build & Deployment,Build & Deployment,Service Worker configuration. Cache strategies?,,false,false,false,false,false,false,false,,0,6,5,0,,0,0,,0,,0,,,,1787282780488
ANGULAR,Build & Deployment,Build & Deployment,Update strategies. ng update for dependencies?,,false,false,false,false,false,false,false,,0,6,5,0,,0,0,,0,,0,,,,1787282780488
ANGULAR,Monorepo & Scalability,Monorepo & Scalability,Nx monorepo. Workspace management?,,false,false,false,false,false,false,false,,0,6,5,0,,0,0,,0,,0,,,,1787282780488
ANGULAR,Monorepo & Scalability,Monorepo & Scalability,Shared libraries. Code reuse across projects?,,false,false,false,false,false,false,false,,0,6,5,0,,0,0,,0,,0,,,,1787282780488
ANGULAR,Monorepo & Scalability,Monorepo & Scalability,Feature library organization. Barrel exports?,,false,false,false,false,false,false,false,,0,6,5,0,,0,0,,0,,0,,,,1787282780488
ANGULAR,Monorepo & Scalability,Monorepo & Scalability,Core library. Singleton services?,,false,false,false,false,false,false,false,,0,6,5,0,,0,0,,0,,0,,,,1787282780488
ANGULAR,Monorepo & Scalability,Monorepo & Scalability,Lint rules. Enforcing architecture?,,false,false,false,false,false,false,false,,0,6,5,0,,0,0,,0,,0,,,,1787282780488
ANGULAR,Monorepo & Scalability,Monorepo & Scalability,Scalability patterns for large teams. Micro front-ends?,,false,false,false,false,false,false,false,,0,6,5,0,,0,0,,0,,0,,,,1787282780488
ANGULAR,Common Patterns & Anti-Patterns,Common Patterns & Anti-Patterns,Smart vs Dumb components. Container vs presentational?,,false,false,false,false,false,false,false,,0,6,5,0,,0,0,,0,,0,,,,1787282780488
ANGULAR,Common Patterns & Anti-Patterns,Common Patterns & Anti-Patterns,Facade service pattern. Simplifying component interaction with store?,,false,false,false,false,false,false,false,,0,6,5,0,,0,0,,0,,0,,,,1787282780488
ANGULAR,Common Patterns & Anti-Patterns,Common Patterns & Anti-Patterns,Observable subject pattern. Data flow between services?,,false,false,false,false,false,false,false,,0,6,5,0,,0,0,,0,,0,,,,1787282780488
ANGULAR,Common Patterns & Anti-Patterns,Common Patterns & Anti-Patterns,Unsubscribe patterns. Memory leak prevention?,,false,false,false,false,false,false,false,,0,6,5,0,,0,0,,0,,0,,,,1787282780488
ANGULAR,Common Patterns & Anti-Patterns,Common Patterns & Anti-Patterns,Memory leaks. Subscription cleanup?,,false,false,false,false,false,false,false,,0,6,5,0,,0,0,,0,,0,,,,1787282780488
ANGULAR,Common Patterns & Anti-Patterns,Common Patterns & Anti-Patterns,Changing input after initialization. ngOnChanges handling?,,false,false,false,false,false,false,false,,0,6,5,0,,0,0,,0,,0,,,,1787282780488
ANGULAR,Common Patterns & Anti-Patterns,Common Patterns & Anti-Patterns,Storing data in component. Stateful components pitfalls?,,false,false,false,false,false,false,false,,0,6,5,0,,0,0,,0,,0,,,,1787282780488
ANGULAR,Common Patterns & Anti-Patterns,Common Patterns & Anti-Patterns,Direct DOM manipulation. Why avoid?,,false,false,false,false,false,false,false,,0,6,5,0,,0,0,,0,,0,,,,1787282780488
ANGULAR,Common Patterns & Anti-Patterns,Common Patterns & Anti-Patterns,Logic in templates. Moving to component class?,,false,false,false,false,false,false,false,,0,6,5,0,,0,0,,0,,0,,,,1787282780488
ANGULAR,Common Patterns & Anti-Patterns,Common Patterns & Anti-Patterns,Heavy components. Breaking into smaller pieces?,,false,false,false,false,false,false,false,,0,6,5,0,,0,0,,0,,0,,,,1787282780488
ANGULAR,Common Patterns & Anti-Patterns,Common Patterns & Anti-Patterns,Circular dependencies. Module organization?,,false,false,false,false,false,false,false,,0,6,5,0,,0,0,,0,,0,,,,1787282780488
ANGULAR,Debugging & Tools,Debugging & Tools,Chrome DevTools Angular plugin. Component tree inspection?,,false,false,false,false,false,false,false,,0,6,5,0,,0,0,,0,,0,,,,1787282780488
ANGULAR,Debugging & Tools,Debugging & Tools,"Augury extension. Component hierarchy, dependency graph?",,false,false,false,false,false,false,false,,0,6,5,0,,0,0,,0,,0,,,,1787282780488
ANGULAR,Debugging & Tools,Debugging & Tools,"Angular DevTools. Profiling, performance analysis?",,false,false,false,false,false,false,false,,0,6,5,0,,0,0,,0,,0,,,,1787282780488
ANGULAR,Debugging & Tools,Debugging & Tools,Logging best practices. LoggerService?,,false,false,false,false,false,false,false,,0,6,5,0,,0,0,,0,,0,,,,1787282780488
ANGULAR,Debugging & Tools,Debugging & Tools,Error tracking. Sentry integration?,,false,false,false,false,false,false,false,,0,6,5,0,,0,0,,0,,0,,,,1787282780488
ANGULAR,Debugging & Tools,Debugging & Tools,Network tab. HTTP request inspection?,,false,false,false,false,false,false,false,,0,6,5,0,,0,0,,0,,0,,,,1787282780488
ANGULAR,Debugging & Tools,Debugging & Tools,Performance tab. Flame chart analysis?,,false,false,false,false,false,false,false,,0,6,5,0,,0,0,,0,,0,,,,1787282780488
ANGULAR,Debugging & Tools,Debugging & Tools,Source map debugging. Original TypeScript in browser?,,false,false,false,false,false,false,false,,0,6,5,0,,0,0,,0,,0,,,,1787282780488
ANGULAR,Debugging & Tools,Debugging & Tools,Breakpoints. Conditional breakpoints?,,false,false,false,false,false,false,false,,0,6,5,0,,0,0,,0,,0,,,,1787282780488
KAFKA,Kafka Fundamentals & Architecture,Kafka Fundamentals & Architecture,"Kafka architecture. Brokers, topics, partitions, consumer groups, Zookeeper (deprecated)?",,false,false,false,false,false,false,false,,0,5,4,0,,0,0,,0,,0,,,,1787282780488
KAFKA,Kafka Fundamentals & Architecture,Kafka Fundamentals & Architecture,KRaft mode. Zookeeper replacement. Benefits?,,false,false,false,false,false,false,false,,0,5,4,0,,0,0,,0,,0,,,,1787282780488
KAFKA,Kafka Fundamentals & Architecture,Kafka Fundamentals & Architecture,Topic vs Partition. Data distribution? Replication?,,false,false,false,false,false,false,false,,0,5,4,0,,0,0,,0,,0,,,,1787282780488
KAFKA,Kafka Fundamentals & Architecture,Kafka Fundamentals & Architecture,Leader vs Follower replicas. ISR (In-Sync Replicas)?,,false,false,false,false,false,false,false,,0,5,4,0,,0,0,,0,,0,,,,1787282780488
KAFKA,Kafka Fundamentals & Architecture,Kafka Fundamentals & Architecture,Replication factor. Availability vs durability vs storage cost?,,false,false,false,false,false,false,false,,0,5,4,0,,0,0,,0,,0,,,,1787282780488
KAFKA,Kafka Fundamentals & Architecture,Kafka Fundamentals & Architecture,Min in-sync replicas (min.insync.replicas). Durability guarantee?,,false,false,false,false,false,false,false,,0,5,4,0,,0,0,,0,,0,,,,1787282780488
KAFKA,Kafka Fundamentals & Architecture,Kafka Fundamentals & Architecture,Broker failure handling. Leader election. Data consistency?,,false,false,false,false,false,false,false,,0,5,4,0,,0,0,,0,,0,,,,1787282780488
KAFKA,Kafka Fundamentals & Architecture,Kafka Fundamentals & Architecture,Partition leadership election. Controller role?,,false,false,false,false,false,false,false,,0,5,4,0,,0,0,,0,,0,,,,1787282780488
KAFKA,Kafka Fundamentals & Architecture,Kafka Fundamentals & Architecture,Committed offset. Consumer group position tracking?,,false,false,false,false,false,false,false,,0,5,4,0,,0,0,,0,,0,,,,1787282780488
KAFKA,Kafka Fundamentals & Architecture,Kafka Fundamentals & Architecture,__consumer_offsets topic. Offset storage?,,false,false,false,false,false,false,false,,0,5,4,0,,0,0,,0,,0,,,,1787282780488
KAFKA,Producers,Producers,"Producer architecture. Batching, compression, partitioning?",,false,false,false,false,false,false,false,,0,5,4,0,,0,0,,0,,0,,,,1787282780488
KAFKA,Producers,Producers,Partitioner logic. Key-based vs round-robin distribution?,,false,false,false,false,false,false,false,,0,5,4,0,,0,0,,0,,0,,,,1787282780488
KAFKA,Producers,Producers,Custom partitioner. Real-world use case?,,false,false,false,false,false,false,false,,0,5,4,0,,0,0,,0,,0,,,,1787282780488
KAFKA,Producers,Producers,acks setting: 0 vs 1 vs all. Durability vs latency?,,false,false,false,false,false,false,false,,0,5,4,0,,0,0,,0,,0,,,,1787282780488
KAFKA,Producers,Producers,Retries & backoff. Idempotent producer?,,false,false,false,false,false,false,false,,0,5,4,0,,0,0,,0,,0,,,,1787282780488
KAFKA,Producers,Producers,Idempotent producer. Exactly-once semantics at producer level?,,false,false,false,false,false,false,false,,0,5,4,0,,0,0,,0,,0,,,,1787282780488
KAFKA,Producers,Producers,Transactional producer. ACID guarantees across partitions?,,false,false,false,false,false,false,false,,0,5,4,0,,0,0,,0,,0,,,,1787282780488
KAFKA,Producers,Producers,Compression algorithms: snappy vs lz4 vs gzip vs zstd. Trade-offs?,,false,false,false,false,false,false,false,,0,5,4,0,,0,0,,0,,0,,,,1787282780488
KAFKA,Producers,Producers,Buffer memory management. max.block.ms timeout?,,false,false,false,false,false,false,false,,0,5,4,0,,0,0,,0,,0,,,,1787282780488
KAFKA,Producers,Producers,Batch size tuning. Throughput vs latency?,,false,false,false,false,false,false,false,,0,5,4,0,,0,0,,0,,0,,,,1787282780488
KAFKA,Producers,Producers,Linger.ms. Waiting for batching?,,false,false,false,false,false,false,false,,0,5,4,0,,0,0,,0,,0,,,,1787282780488
KAFKA,Producers,Producers,Send callback handling. Asynchronous vs synchronous?,,false,false,false,false,false,false,false,,0,5,4,0,,0,0,,0,,0,,,,1787282780488
KAFKA,Producers,Producers,Schema registry integration. Avro serialization?,,false,false,false,false,false,false,false,,0,5,4,0,,0,0,,0,,0,,,,1787282780488
KAFKA,Consumers,Consumers,"Consumer group. Parallel processing, scalability?",,false,false,false,false,false,false,false,,0,5,4,0,,0,0,,0,,0,,,,1787282780488
KAFKA,Consumers,Consumers,Rebalancing. Eager vs cooperative rebalancing?,,false,false,false,false,false,false,false,,0,5,4,0,,0,0,,0,,0,,,,1787282780488
KAFKA,Consumers,Consumers,Group coordinator. Rebalancing orchestration?,,false,false,false,false,false,false,false,,0,5,4,0,,0,0,,0,,0,,,,1787282780488
KAFKA,Consumers,Consumers,Consumer lag. Monitoring metric?,,false,false,false,false,false,false,false,,0,5,4,0,,0,0,,0,,0,,,,1787282780488
KAFKA,Consumers,Consumers,Offset management. auto.offset.reset behavior?,,false,false,false,false,false,false,false,,0,5,4,0,,0,0,,0,,0,,,,1787282780488
KAFKA,Consumers,Consumers,earliest vs latest vs none offset reset. Recovery scenarios?,,false,false,false,false,false,false,false,,0,5,4,0,,0,0,,0,,0,,,,1787282780488
KAFKA,Consumers,Consumers,enable.auto.commit. Manual vs automatic commit?,,false,false,false,false,false,false,false,,0,5,4,0,,0,0,,0,,0,,,,1787282780488
KAFKA,Consumers,Consumers,Commit offset timing. Performance vs consistency?,,false,false,false,false,false,false,false,,0,5,4,0,,0,0,,0,,0,,,,1787282780488
KAFKA,Consumers,Consumers,Seek & reset. Moving consumer offset?,,false,false,false,false,false,false,false,,0,5,4,0,,0,0,,0,,0,,,,1787282780488
KAFKA,Consumers,Consumers,Consumer retention. How long can consumer fall behind?,,false,false,false,false,false,false,false,,0,5,4,0,,0,0,,0,,0,,,,1787282780488
KAFKA,Consumers,Consumers,Pause & resume. Flow control?,,false,false,false,false,false,false,false,,0,5,4,0,,0,0,,0,,0,,,,1787282780488
KAFKA,Consumers,Consumers,Consumer threads. Single-threaded consumer pattern?,,false,false,false,false,false,false,false,,0,5,4,0,,0,0,,0,,0,,,,1787282780488
KAFKA,Consumers,Consumers,Thread safety. Consumer not thread-safe. Scaling pattern?,,false,false,false,false,false,false,false,,0,5,4,0,,0,0,,0,,0,,,,1787282780488
KAFKA,Consumers,Consumers,"Heartbeat mechanism. session.timeout.ms, heartbeat.interval.ms?",,false,false,false,false,false,false,false,,0,5,4,0,,0,0,,0,,0,,,,1787282780488
KAFKA,Consumers,Consumers,Max poll interval. Processing time limit?,,false,false,false,false,false,false,false,,0,5,4,0,,0,0,,0,,0,,,,1787282780488
KAFKA,Consumers,Consumers,Fetch size tuning. Large message handling?,,false,false,false,false,false,false,false,,0,5,4,0,,0,0,,0,,0,,,,1787282780488
KAFKA,Topics & Partitions,Topics & Partitions,Partition count. Throughput vs complexity trade-off?,,false,false,false,false,false,false,false,,0,5,4,0,,0,0,,0,,0,,,,1787282780488
KAFKA,Topics & Partitions,Topics & Partitions,Changing partition count. Rebalancing impact?,,false,false,false,false,false,false,false,,0,5,4,0,,0,0,,0,,0,,,,1787282780488
KAFKA,Topics & Partitions,Topics & Partitions,Partition assignment strategy. Range vs Round-robin vs Sticky vs Cooperative Sticky?,,false,false,false,false,false,false,false,,0,5,4,0,,0,0,,0,,0,,,,1787282780488
KAFKA,Topics & Partitions,Topics & Partitions,Sticky assignment. Minimizing partition movement?,,false,false,false,false,false,false,false,,0,5,4,0,,0,0,,0,,0,,,,1787282780488
KAFKA,Topics & Partitions,Topics & Partitions,Retention policy: time vs size vs compact. Cleanup policies?,,false,false,false,false,false,false,false,,0,5,4,0,,0,0,,0,,0,,,,1787282780488
KAFKA,Topics & Partitions,Topics & Partitions,Log compaction. Snapshot semantics for state topics?,,false,false,false,false,false,false,false,,0,5,4,0,,0,0,,0,,0,,,,1787282780488
KAFKA,Topics & Partitions,Topics & Partitions,Segment management. Disk I/O optimization?,,false,false,false,false,false,false,false,,0,5,4,0,,0,0,,0,,0,,,,1787282780488
KAFKA,Topics & Partitions,Topics & Partitions,"Message ordering. Guarantees per partition, not topic?",,false,false,false,false,false,false,false,,0,5,4,0,,0,0,,0,,0,,,,1787282780488
KAFKA,Topics & Partitions,Topics & Partitions,Exactly-once delivery. Producer + consumer idempotence?,,false,false,false,false,false,false,false,,0,5,4,0,,0,0,,0,,0,,,,1787282780488
KAFKA,Reliability & Durability,Reliability & Durability,min.insync.replicas impact. Unclean leader election?,,false,false,false,false,false,false,false,,0,5,4,0,,0,0,,0,,0,,,,1787282780488
KAFKA,Reliability & Durability,Reliability & Durability,Acknowledgments for durability. acks=all latency cost?,,false,false,false,false,false,false,false,,0,5,4,0,,0,0,,0,,0,,,,1787282780488
KAFKA,Reliability & Durability,Reliability & Durability,Durability vs Latency trade-off. Tuning for use case?,,false,false,false,false,false,false,false,,0,5,4,0,,0,0,,0,,0,,,,1787282780488
KAFKA,Reliability & Durability,Reliability & Durability,Message ordering guarantees. Single partition requirement?,,false,false,false,false,false,false,false,,0,5,4,0,,0,0,,0,,0,,,,1787282780488
KAFKA,Reliability & Durability,Reliability & Durability,Exactly-once semantics (EOS). Producer idempotence + consumer offset atomicity?,,false,false,false,false,false,false,false,,0,5,4,0,,0,0,,0,,0,,,,1787282780488
KAFKA,Reliability & Durability,Reliability & Durability,Transactional reads. Reading uncommitted messages?,,false,false,false,false,false,false,false,,0,5,4,0,,0,0,,0,,0,,,,1787282780488
KAFKA,Reliability & Durability,Reliability & Durability,Isolation levels: read_uncommitted vs read_committed?,,false,false,false,false,false,false,false,,0,5,4,0,,0,0,,0,,0,,,,1787282780488
KAFKA,Reliability & Durability,Reliability & Durability,Exactly-once in stream processing. Transactions with state stores?,,false,false,false,false,false,false,false,,0,5,4,0,,0,0,,0,,0,,,,1787282780488
KAFKA,Performance & Optimization,Performance & Optimization,"Throughput optimization. Batching, compression, partition count?",,false,false,false,false,false,false,false,,0,5,4,0,,0,0,,0,,0,,,,1787282780488
KAFKA,Performance & Optimization,Performance & Optimization,"Latency optimization. acks, linger.ms, batch.size trade-offs?",,false,false,false,false,false,false,false,,0,5,4,0,,0,0,,0,,0,,,,1787282780488
KAFKA,Performance & Optimization,Performance & Optimization,"Memory usage tuning. buffer.memory, fetch.max.bytes?",,false,false,false,false,false,false,false,,0,5,4,0,,0,0,,0,,0,,,,1787282780488
KAFKA,Performance & Optimization,Performance & Optimization,"CPU optimization. Compression algorithms, serialization?",,false,false,false,false,false,false,false,,0,5,4,0,,0,0,,0,,0,,,,1787282780488
KAFKA,Performance & Optimization,Performance & Optimization,"Disk I/O optimization. Segment size, flush intervals?",,false,false,false,false,false,false,false,,0,5,4,0,,0,0,,0,,0,,,,1787282780488
KAFKA,Performance & Optimization,Performance & Optimization,"Network optimization. Compression, batch size, partition count?",,false,false,false,false,false,false,false,,0,5,4,0,,0,0,,0,,0,,,,1787282780488
KAFKA,Performance & Optimization,Performance & Optimization,Consumer lag monitoring. Alerting thresholds?,,false,false,false,false,false,false,false,,0,5,4,0,,0,0,,0,,0,,,,1787282780488
KAFKA,Performance & Optimization,Performance & Optimization,"Broker performance tuning. num.network.threads, num.io.threads?",,false,false,false,false,false,false,false,,0,5,4,0,,0,0,,0,,0,,,,1787282780488
KAFKA,Performance & Optimization,Performance & Optimization,"JVM tuning for Kafka. Heap size, GC settings?",,false,false,false,false,false,false,false,,0,5,4,0,,0,0,,0,,0,,,,1787282780488
KAFKA,Performance & Optimization,Performance & Optimization,Log cleanup performance. log.cleanup.policy impact?,,false,false,false,false,false,false,false,,0,5,4,0,,0,0,,0,,0,,,,1787282780488
KAFKA,Monitoring & Operations,Monitoring & Operations,"JMX metrics. Producer, consumer, broker metrics?",,false,false,false,false,false,false,false,,0,5,4,0,,0,0,,0,,0,,,,1787282780488
KAFKA,Monitoring & Operations,Monitoring & Operations,Lag monitoring. Consumer lag per partition?,,false,false,false,false,false,false,false,,0,5,4,0,,0,0,,0,,0,,,,1787282780488
KAFKA,Monitoring & Operations,Monitoring & Operations,"Broker metrics. ISR shrinkage, under-replicated partitions?",,false,false,false,false,false,false,false,,0,5,4,0,,0,0,,0,,0,,,,1787282780488
KAFKA,Monitoring & Operations,Monitoring & Operations,Alerting strategy. Critical metrics?,,false,false,false,false,false,false,false,,0,5,4,0,,0,0,,0,,0,,,,1787282780488
KAFKA,Monitoring & Operations,Monitoring & Operations,Log analysis. Error patterns in Kafka logs?,,false,false,false,false,false,false,false,,0,5,4,0,,0,0,,0,,0,,,,1787282780488
KAFKA,Monitoring & Operations,Monitoring & Operations,"Cluster health checks. Leader elections, controller issues?",,false,false,false,false,false,false,false,,0,5,4,0,,0,0,,0,,0,,,,1787282780488
KAFKA,Monitoring & Operations,Monitoring & Operations,"Capacity planning. Disk space, network, CPU forecasting?",,false,false,false,false,false,false,false,,0,5,4,0,,0,0,,0,,0,,,,1787282780488
KAFKA,Monitoring & Operations,Monitoring & Operations,Rolling updates. Zero-downtime broker upgrades?,,false,false,false,false,false,false,false,,0,5,4,0,,0,0,,0,,0,,,,1787282780488
KAFKA,Monitoring & Operations,Monitoring & Operations,"Scaling brokers. Adding brokers, leadership distribution?",,false,false,false,false,false,false,false,,0,5,4,0,,0,0,,0,,0,,,,1787282780488
KAFKA,Monitoring & Operations,Monitoring & Operations,Decommissioning brokers. Data migration?,,false,false,false,false,false,false,false,,0,5,4,0,,0,0,,0,,0,,,,1787282780488
KAFKA,Kafka Streams,Kafka Streams,Stream vs KStream vs KTable vs GlobalKTable?,,false,false,false,false,false,false,false,,0,5,4,0,,0,0,,0,,0,,,,1787282780488
KAFKA,Kafka Streams,Kafka Streams,"Stateless operations: map, filter, branch?",,false,false,false,false,false,false,false,,0,5,4,0,,0,0,,0,,0,,,,1787282780488
KAFKA,Kafka Streams,Kafka Streams,"Stateful operations: aggregate, reduce. State store?",,false,false,false,false,false,false,false,,0,5,4,0,,0,0,,0,,0,,,,1787282780488
KAFKA,Kafka Streams,Kafka Streams,"Windowing: tumbling, hopping, session, grace period?",,false,false,false,false,false,false,false,,0,5,4,0,,0,0,,0,,0,,,,1787282780488
KAFKA,Kafka Streams,Kafka Streams,"Join operations: KStream-KStream, KStream-KTable, KTable-KTable?",,false,false,false,false,false,false,false,,0,5,4,0,,0,0,,0,,0,,,,1787282780488
KAFKA,Kafka Streams,Kafka Streams,Interactive queries. Querying state stores?,,false,false,false,false,false,false,false,,0,5,4,0,,0,0,,0,,0,,,,1787282780488
KAFKA,Kafka Streams,Kafka Streams,Exactly-once processing. Transactional state store updates?,,false,false,false,false,false,false,false,,0,5,4,0,,0,0,,0,,0,,,,1787282780488
KAFKA,Kafka Streams,Kafka Streams,Stream topology. Parallelism vs DAG structure?,,false,false,false,false,false,false,false,,0,5,4,0,,0,0,,0,,0,,,,1787282780488
KAFKA,Kafka Streams,Kafka Streams,Processor API vs DSL. When each?,,false,false,false,false,false,false,false,,0,5,4,0,,0,0,,0,,0,,,,1787282780488
KAFKA,Kafka Streams,Kafka Streams,Custom processors. Stateful processors?,,false,false,false,false,false,false,false,,0,5,4,0,,0,0,,0,,0,,,,1787282780488
KAFKA,Kafka Streams,Kafka Streams,Reprocessing. Resetting application state?,,false,false,false,false,false,false,false,,0,5,4,0,,0,0,,0,,0,,,,1787282780488
KAFKA,Kafka Streams,Kafka Streams,Changelog topics. Restore from failure?,,false,false,false,false,false,false,false,,0,5,4,0,,0,0,,0,,0,,,,1787282780488
KAFKA,Schema & Data Governance,Schema & Data Governance,"Confluent Schema Registry. Schema versioning, compatibility?",,false,false,false,false,false,false,false,,0,5,4,0,,0,0,,0,,0,,,,1787282780488
KAFKA,Schema & Data Governance,Schema & Data Governance,"Compatibility modes: backward, forward, full, transitive?",,false,false,false,false,false,false,false,,0,5,4,0,,0,0,,0,,0,,,,1787282780488
KAFKA,Schema & Data Governance,Schema & Data Governance,Avro schema evolution. Breaking changes?,,false,false,false,false,false,false,false,,0,5,4,0,,0,0,,0,,0,,,,1787282780488
KAFKA,Schema & Data Governance,Schema & Data Governance,Subject naming strategies. TopicNameStrategy vs RecordNameStrategy?,,false,false,false,false,false,false,false,,0,5,4,0,,0,0,,0,,0,,,,1787282780488
KAFKA,Schema & Data Governance,Schema & Data Governance,Schema validation at producer level. Enforcement?,,false,false,false,false,false,false,false,,0,5,4,0,,0,0,,0,,0,,,,1787282780488
KAFKA,Schema & Data Governance,Schema & Data Governance,Default values in schema. Evolution strategy?,,false,false,false,false,false,false,false,,0,5,4,0,,0,0,,0,,0,,,,1787282780488
KAFKA,Schema & Data Governance,Schema & Data Governance,Protobuf vs Avro vs JSON Schema. When each?,,false,false,false,false,false,false,false,,0,5,4,0,,0,0,,0,,0,,,,1787282780488
KAFKA,Schema & Data Governance,Schema & Data Governance,Data lineage. Schema-driven data governance?,,false,false,false,false,false,false,false,,0,5,4,0,,0,0,,0,,0,,,,1787282780488
KAFKA,Multi-Tenancy & Security,Multi-Tenancy & Security,Multi-tenancy patterns. Shared cluster vs dedicated clusters?,,false,false,false,false,false,false,false,,0,5,4,0,,0,0,,0,,0,,,,1787282780488
KAFKA,Multi-Tenancy & Security,Multi-Tenancy & Security,Topic isolation. RBAC (Role-Based Access Control)?,,false,false,false,false,false,false,false,,0,5,4,0,,0,0,,0,,0,,,,1787282780488
KAFKA,Multi-Tenancy & Security,Multi-Tenancy & Security,SASL authentication. PLAIN vs SCRAM vs OAUTHBEARER?,,false,false,false,false,false,false,false,,0,5,4,0,,0,0,,0,,0,,,,1787282780488
KAFKA,Multi-Tenancy & Security,Multi-Tenancy & Security,"mTLS encryption. Broker-to-broker, client-to-broker?",,false,false,false,false,false,false,false,,0,5,4,0,,0,0,,0,,0,,,,1787282780488
KAFKA,Multi-Tenancy & Security,Multi-Tenancy & Security,Authorization. ACL (Access Control List) management?,,false,false,false,false,false,false,false,,0,5,4,0,,0,0,,0,,0,,,,1787282780488
KAFKA,Multi-Tenancy & Security,Multi-Tenancy & Security,Inter-broker communication security. security.protocol?,,false,false,false,false,false,false,false,,0,5,4,0,,0,0,,0,,0,,,,1787282780488
KAFKA,Multi-Tenancy & Security,Multi-Tenancy & Security,Audit logging. Who accessed what topic?,,false,false,false,false,false,false,false,,0,5,4,0,,0,0,,0,,0,,,,1787282780488
KAFKA,Multi-Tenancy & Security,Multi-Tenancy & Security,Data encryption at rest. Transparent data encryption?,,false,false,false,false,false,false,false,,0,5,4,0,,0,0,,0,,0,,,,1787282780488
KAFKA,Multi-Tenancy & Security,Multi-Tenancy & Security,Key management service (KMS) integration?,,false,false,false,false,false,false,false,,0,5,4,0,,0,0,,0,,0,,,,1787282780488
KAFKA,Disaster Recovery & HA,Disaster Recovery & HA,Backup strategy. Broker failure recovery?,,false,false,false,false,false,false,false,,0,5,4,0,,0,0,,0,,0,,,,1787282780488
KAFKA,Disaster Recovery & HA,Disaster Recovery & HA,Replication quorum. Fault tolerance formula?,,false,false,false,false,false,false,false,,0,5,4,0,,0,0,,0,,0,,,,1787282780488
KAFKA,Disaster Recovery & HA,Disaster Recovery & HA,Unclean leader election. Data loss vs availability trade-off?,,false,false,false,false,false,false,false,,0,5,4,0,,0,0,,0,,0,,,,1787282780488
KAFKA,Disaster Recovery & HA,Disaster Recovery & HA,Controller failure. Recovery mechanism?,,false,false,false,false,false,false,false,,0,5,4,0,,0,0,,0,,0,,,,1787282780488
KAFKA,Disaster Recovery & HA,Disaster Recovery & HA,Cluster failover. Multi-region setup?,,false,false,false,false,false,false,false,,0,5,4,0,,0,0,,0,,0,,,,1787282780488
KAFKA,Disaster Recovery & HA,Disaster Recovery & HA,Data replication cross-region. Mirroring tools?,,false,false,false,false,false,false,false,,0,5,4,0,,0,0,,0,,0,,,,1787282780488
KAFKA,Disaster Recovery & HA,Disaster Recovery & HA,MirrorMaker. Topic replication to secondary cluster?,,false,false,false,false,false,false,false,,0,5,4,0,,0,0,,0,,0,,,,1787282780488
KAFKA,Disaster Recovery & HA,Disaster Recovery & HA,RTO & RPO. Recovery objectives for production?,,false,false,false,false,false,false,false,,0,5,4,0,,0,0,,0,,0,,,,1787282780488
KAFKA,Disaster Recovery & HA,Disaster Recovery & HA,Chaos engineering. Failure simulation?,,false,false,false,false,false,false,false,,0,5,4,0,,0,0,,0,,0,,,,1787282780488
KAFKA,Integration Patterns,Integration Patterns,CDC (Change Data Capture). Capturing database changes to Kafka?,,false,false,false,false,false,false,false,,0,5,4,0,,0,0,,0,,0,,,,1787282780488
KAFKA,Integration Patterns,Integration Patterns,Debezium connectors. Real-time data sync?,,false,false,false,false,false,false,false,,0,5,4,0,,0,0,,0,,0,,,,1787282780488
KAFKA,Integration Patterns,Integration Patterns,"Kafka Connect. Connector framework, transformations?",,false,false,false,false,false,false,false,,0,5,4,0,,0,0,,0,,0,,,,1787282780488
KAFKA,Integration Patterns,Integration Patterns,Source connectors. Data ingestion into Kafka?,,false,false,false,false,false,false,false,,0,5,4,0,,0,0,,0,,0,,,,1787282780488
KAFKA,Integration Patterns,Integration Patterns,Sink connectors. Kafka to external systems?,,false,false,false,false,false,false,false,,0,5,4,0,,0,0,,0,,0,,,,1787282780488
KAFKA,Integration Patterns,Integration Patterns,Exactly-once delivery connectors. Idempotent sinks?,,false,false,false,false,false,false,false,,0,5,4,0,,0,0,,0,,0,,,,1787282780488
KAFKA,Integration Patterns,Integration Patterns,SMTs (Single Message Transforms). Data transformation?,,false,false,false,false,false,false,false,,0,5,4,0,,0,0,,0,,0,,,,1787282780488
KAFKA,Integration Patterns,Integration Patterns,"Distributed connect cluster. Scaling, high availability?",,false,false,false,false,false,false,false,,0,5,4,0,,0,0,,0,,0,,,,1787282780488
INTRO,General,General,Tell me about yourself,"<ul><li>I'm Sathish, Angular Java Full Stack Developer with 11 years of experience in building enterprise-grade applications</li><li>I've Completed my B.E CSE</li><li>Currently working as a Technical Lead at HCL for a US-based healthcare client.</li><li>Also, worked in different business domains like ERP, E-Commerce & Manufactoring</li><li>My core technical expertise are Java 21, Spring Boot, Angular, Kafka, and Elasticsearch</li><li>I also have hands-on experience in React, GraphQL, RabbitMQ, and Redis</li><li>My current role is to bridging the gap between business goals and technical execution. <ul><li>I collaborate closely with Product Owners to refine requirements</li><li>Partner with architects to ensure our systems are secure, reliable, and scalable</li><li>and team up with DevOps engineers to streamline CI/CD pipelines.</li></ul></li><li>I am well-versed in Scaled Agile environments, I have been part of full agile lifecycle from PI Planning to daily scrum execution &amp; release management.</li><li>Recently, I’m exploring Agentic AI tools like Claude Code and GitLab Duo that increased productivity in development and organizational workflows</li></ul>",true,false,false,false,true,false,false,,0,0,0,0,,0,1,"[{""ts"":1787282780488}]",0,,0,,"[""Must Know"",""FAQ""]",,1787452502279
INTRO,General,General,What is your Core competency,"<ul><li>My core&nbsp;competencies are Java 21, Spring Boot, Angular, Kafka, and Elasticsearch</li><li>I also have hands-on experience in React, GraphQL, RabbitMQ, and Redis</li></ul>",true,false,false,false,false,false,false,,1,0,0,0,,0,1,"[{""ts"":1787282780488}]",0,,0,,"[""Must Know""]",,1787452551439
INTRO,General,General,Explain your carrer graph so far,"Looking back at my career graph, every transition has added a new dimension to my skill set:<ul><li><strong>Startup Phase:</strong> I started my career in a fast-paced startup environment, which gave me <strong>end-to-end ownership</strong> across the entire software lifecycle&mdash;from wireframing and frontend/backend development to database management.</li><li><strong>Contus (Mid-Sized):</strong> Moving to Contus allowed me to <strong>deepen my core technical expertise</strong> and solve more complex engineering challenges.</li><li><strong>Infosys (Enterprise):</strong> At Infosys, I scaled up to enterprise-level environments, <strong>taking on team leadership, cross-team collaboration</strong>, and delivery management.</li><li><strong>HCL Tech (Leadership):</strong> Currently at HCL, my focus has evolved toward <strong>strategic, cross-functional leadership</strong>&mdash;driving architectural decisions, refining product vision with stakeholders, and overseeing full release cycles</li></ul>",false,false,false,false,false,false,false,,2,0,0,0,,0,0,,0,,0,,"[""FAQ"",""Must Know""]",,1787452515689
INTRO,General,General,What are the domains that you have worked so far?,<ul><li>ERP</li><li>ECommerce</li><li>Manufacturing</li><li>Healthcare</li></ul>,false,false,false,false,false,false,false,,3,0,0,0,,0,0,,0,,0,,,,1787282780488
INTRO,General,General,What are the technologies that you have worked on so far?,"<ul><li>My core&nbsp;competencies are Java 21, Spring Boot, Angular, Kafka, and Elasticsearch</li><li>I also have hands-on experience in React, GraphQL, RabbitMQ, and Redis</li></ul>",false,false,false,false,false,false,false,,4,0,0,0,,0,0,,0,,0,,,,1787282780488
INTRO,General,General,What do you know about Angular & Spring,"<ul><li>Angular is a modern TypeScript-based frontend framework utilizing fine-grained reactivity (Signals) and standalone components,</li><li>while Spring Boot is a robust Java backend framework providing auto-configured REST APIs.</li><li>Together, they form an enterprise-grade, decoupled architecture emphasizing strict typing, dependency injection, and scalable microservices.</li></ul><strong>One-Line Interview Summary</strong><ul><li>Angular and Spring Boot deliver an enterprise-grade, strongly typed full-stack architecture where a reactive, component-driven client communicates seamlessly with a secure, auto-configured microservices backend via RESTful APIs</li></ul>",false,false,false,false,false,false,false,,5,0,0,0,,0,0,,0,,0,,,,1787282780488
INTRO,General,General,Why do we prefer Angular & Spring Boot over other frameworks,"Angular📦 Ecosystem<ul><li>Built-in Tools: No third-party packages needed.</li><li>No Tooling Fatigue: Standardized routing and state.</li><li>Seamless Updates: CLI automates synchronized upgrades.</li></ul>🏛️ Architecture<ul><li>Code Consistency: Enforces a strict structure.</li><li>Easy Onboarding: Uniform layouts across projects.</li><li>Enterprise Scaling: Prevents chaotic design choices.</li></ul>💻 TypeScript<ul><li>Native Integration: Built with TypeScript first.</li><li>Advanced Tooling: Excellent auto-completion and checking.</li><li>Backend Familiarity: Appeals to Java/.NET developers.</li></ul>🚀 Core Features<ul><li>Two-Way Binding: Syncs UI and data.</li><li>Dependency Injection: Modular, highly testable code.</li><li>Modern Reactivity: Fine-grained signals maximize speed.</li></ul>Spring<li><strong>Auto-Configuration:</strong> Configures components automatically, eliminating manual XML setup.</li><li><strong>Embedded Servers:</strong> Includes built-in Tomcat or Jetty for standalone execution.</li><li><strong>Starter Dependencies:</strong> Bundles required libraries to simplify build management.</li><li><strong>Microservices Ready:</strong> Built specifically for containerization and cloud architectures.</li><li><strong>Production-Grade Tooling:</strong> Features built-in health monitoring and metrics tracking.</li>",false,false,false,false,false,false,false,,6,0,0,0,,0,0,,0,,0,,,,1787282780488
INTRO,General,General,Agile process - how feature is travelled,<ul><li>PI</li><li>3 sprints <ul><li>1 Innovation &amp; Planning(IP) sprint</li></ul></li><li>Feature</li><li>User Story</li><li>Task</li><li>Sub-task</li><li>Issue / Block</li><li>Bug</li><li>Change Request</li></ul>,false,false,false,false,false,false,false,,7,0,0,0,,0,0,,0,,0,,,,1787282780488
INTRO,General,General,"TDD, BDD, Pair Programming","<ul><li><strong>TDD (Test-Driven Development)</strong>: A developer-centric workflow where you write a failing automated test first, then write minimal production code to pass it, and finally clean the code.</li><li><strong>BDD (Behavior-Driven Development)</strong>: A collaborative workflow where business stakeholders and developers use plain human language (Given-When-Then) to define how a feature behaves before writing code.</li><li><strong>Pair Programming</strong>: A teamwork practice where two developers share one screen, with one ""Driver"" typing the code and one ""Navigator"" reviewing it in real time.</li><li>I view TDD, BDD, and Pair Programming not just as coding practices, but as strategic engineering guardrails that align business intent with modular software design, drastically reducing long-term maintenance costs and alignment gaps.</li></ul>",false,false,false,false,false,false,false,,8,0,0,0,,0,0,,0,,0,,,,1787282780488
INTRO,General,General,What are the challeges you have faced & solved in current project ?,"<ul><li><strong>Technically,</strong><ul><li>I successfully resolved a critical application bottleneck by redesigning a heavy, real-time data sync pipeline between our Spring Boot microservices and the Angular frontend, optimizing memory usage and reducing page load times by 40%</li></ul></li><li><strong>Within Team,</strong><ul><li><strong>Solved with,</strong>&nbsp; <ul><li><strong>Run Skill Assessments:</strong> Find out what each person does not know through casual code reviews or low-pressure audits.</li><li><strong>Provide Targeted Mentoring:</strong> Pair weaker staff with stronger peers or run short, focused workshops on key tools and code patterns.</li><li><strong>Shift to System Design:</strong> Let team members lead on planning, documentation, and coordination while you help guide the core technical logic.</li><li><strong>Set Clear Standards:</strong> Write down clear rules for code quality and testing so expectations are objective, not personal.</li><li><strong>Lead with Empathy:</strong> Acknowledge their vast domain knowledge and years on the job while gently coaching them on modern technical needs.</li></ul></li></ul></li></ul>",false,false,false,false,false,false,false,,9,0,0,0,,0,0,,0,,0,,,,1787282780488
INTRO,General,General,gzip,"<ul><li>Gzip is a <strong>data compression algorithm</strong> used to shrink HTTP payload sizes&mdash;such as JSON, HTML, and JavaScript&mdash;significantly reducing network latency and improving page load times for full-stack applications</li></ul>",false,false,false,false,false,false,false,,10,0,0,0,,0,0,,0,,0,,,,1787282780488
INTRO,General,General,What is the use of cors & htaccess,"<ul><li>In a full-stack architecture, <strong>CORS</strong> is a browser-security contract configured in Spring Boot to safely allow the Angular frontend to access the API, while <strong>.htaccess</strong> is an Apache server configuration used to redirect all frontend traffic to index.html to prevent 404 errors during client-side Angular routing</li></ul>",false,false,false,false,false,false,false,,11,0,0,0,,0,0,,0,,0,,,,1787282780488
INTRO,General,General,OSI layers,,false,false,false,false,false,false,false,,12,0,0,0,,0,0,,0,,0,,,,1787282780488
INTRO,General,General,Explain your current project,"The project is a web portal for digital aircraft maintenance manual Like we versioning different editions of books this web portal is used to customize manual to aircraft customer based on their flight configuration It is a cloud based spring boot microservice application which also support offline mode for tab users We used Modularized Angular application as a frontend customized Authentication & Authorization service using authentication token elasticsearch for index, search & filtering documents RabbitMQ for event based communication Camunda for Workflow based approval and publish of documents I worked on customizing elastic search for offline application using angular & elasticsearch js plugin UI & Backend related tasks for filtering documents based on tags usings facets similar to ecommerce websites like Amazon Version controlling documents similar to Git branches using rabbitmq & camunda HOTFIX",false,false,false,false,false,false,false,,13,0,0,0,,0,0,,0,,0,,,,1787282780488
INTRO,General,General,Can you explain architecture of previous project?,,false,false,false,false,false,false,false,,14,0,0,0,,0,0,,0,,0,,,,1787282780488
INTRO,General,General,Explain Deployment process,,false,false,false,false,false,false,false,,15,0,0,0,,0,0,,0,,0,,,,1787282780488
INTRO,General,General,What is factory design pattern,,false,false,false,false,false,false,false,,16,0,0,0,,0,0,,0,,0,,,,1787282780488
INTRO,General,General,How to implement singleton or prototype design pattern,,false,false,false,false,false,false,false,,17,0,0,0,,0,0,,0,,0,,,,1787282780488
INTRO,General,General,SOLID & GoF Design Patterns in Java,,false,false,false,false,false,false,false,,18,0,0,0,,0,0,,0,,0,,,,1787282780488
INTRO,General,General,How will you secure your endpoint,"<ul><li>I secure endpoints using a layered <strong>defense-in-depth architecture</strong>:<ul><li><strong>Edge &amp; Gateway:</strong> Cloudflare/API Gateway for DDoS mitigation and dynamic rate limiting.</li><li><strong>Authentication &amp; OAuth2:</strong> Spring Security enforcing JWT validation with OAuth2 Authorization Code Flow + PKCE for SPAs (protecting Client IDs without embedding secrets).</li><li><strong>Authorization:</strong> Fine-grained backend RBAC/ABAC enforced via Spring filters and @PreAuthorize annotations.</li><li><strong>CSRF &amp; Token Security:</strong> Secure HttpOnly, SameSite=Strict cookies combined with the Double-Submit Cookie pattern for CSRF mitigation.</li><li><strong>Frontend:</strong> Angular route guards for UX and OWASP-aligned input sanitization to prevent XSS</li></ul></li></ul>",false,false,false,false,false,false,false,,19,0,0,0,,0,0,,0,,0,,,,1787282780488