Subject,Topic,SubTopic,Question,Answer,Done,ReviewLater,Duplicate,LessImportant,Starred,Order,SubjectOrder,TopicOrder,SubTopicOrder,SrsDue,SrsStreak
High Yield,OOP,General,What is OOP and why it matters,,,,,,,,,,,,
High Yield,OOP,General,Characteristics of an OOP,,,,,,,,,,,,
High Yield,OOP,4 Pillars of OOP,Explain with examples,,,,,,,,,,,,
High Yield,OOP,Encapsulation,Definition,,,,,,,,,,,,
High Yield,OOP,Encapsulation,How is it achieved,,,,,,,,,,,,
High Yield,OOP,Encapsulation,What are all the benefits,,,,,,,,,,,,
High Yield,OOP,Encapsulation,Explain State Control by encapsulation using one example,,,,,,,,,,,,
High Yield,OOP,Encapsulation,Access modifiers,,,,,,,,,,,,
High Yield,OOP,Abstraction,Definition,,,,,,,,,,,,
High Yield,OOP,Abstraction,How is it achieved,,,,,,,,,,,,
High Yield,OOP,Abstraction,Abstract class vs methods,,,,,,,,,,,,
High Yield,OOP,Abstraction,Interface vs Abstract class,,,,,,,,,,,,
High Yield,OOP,Abstraction,Method in interface vs Abstract,,,,,,,,,,,,
High Yield,OOP,Abstraction,How will you choose Interface or Abstract class,,,,,,,,,,,,
High Yield,OOP,Abstraction,When do you layer an interface on top of the abstract class,• Validation using Template Method Pattern,,,,,,,,,,,
High Yield,OOP,Abstraction,default & static methods in java 8,,,,,,,,,,,,
High Yield,OOP,Abstraction,"static, final and private methods",,,,,,,,,,,,
High Yield,OOP,Abstraction,Explain how abstraction promotes loose coupling and reducing tight coupling,,,,,,,,,,,,
High Yield,OOP,Abstraction,Explain loose coupling with dependency injection using payment processor and notification system,,,,,,,,,,,,
High Yield,OOP,Inheritance,Definition,,,,,,,,,,,,
High Yield,OOP,Inheritance,Parent child analogy,,,,,,,,,,,,
High Yield,OOP,Inheritance,What relationship does inheritance form,,,,,,,,,,,,
High Yield,OOP,Inheritance,Why do we need Inheritance & One Major Drawback,,,,,,,,,,,,
High Yield,OOP,Inheritance,Types,,,,,,,,,,,,
High Yield,OOP,Inheritance,Diamond problem,,,,,,,,,,,,
High Yield,OOP,Inheritance,How multiple inheritance resolved in java,• Explain,,,,,,,,,,,
High Yield,OOP,Inheritance,Two interfaces have the same default method. How do you resolve it?,,,,,,,,,,,,
High Yield,OOP,Inheritance,What is another way of using inheritance is called?,,,,,,,,,,,,
High Yield,OOP,Inheritance,Another way of using inheritance based on what condition? What relationship does it form?,,,,,,,,,,,,
High Yield,OOP,Polymorphism,Definition,• same interface but different implementation,,,,,,,,,,,
High Yield,OOP,Polymorphism,Static — Compile-time — method overloading vs Dynamic — Runtime — overriding,,,,,,,,,,,,
High Yield,OOP,Polymorphism,overloading vs overriding,,,,,,,,,,,,
High Yield,OOP,Polymorphism,What are the rules for method overriding?,"• Same Method Signature
• Inheritance Required
• Compatible Return Type (same or covariant)
• Equal or Broadened Access
• Non-Overridable Methods ( private, static, or final )",,,,,,,,,,,
High Yield,OOP,Polymorphism,What are the rules regarding checked and unchecked exceptions in method overriding?,"• Checked Exceptions
  ◦ Cannot declare broader or new checked exceptions
  ◦ Can declare narrower checked exceptions
  ◦ Can declare fewer or no checked exceptions
  ◦ Parent declares no checked exceptions
• Unchecked Exceptions
  ◦ No restrictions
  ◦ Flexibility",,,,,,,,,,,
High Yield,OOP,Polymorphism,when is method overriding vs method hiding applicable,,,,,,,,,,,,
High Yield,OOP,Association,Definition,,,,,,,,,,,,
High Yield,OOP,Aggregation,Definition,,,,,,,,,,,,
High Yield,OOP,Composition,Definition,,,,,,,,,,,,
High Yield,OOP,Composition,What relationship does Composition form,,,,,,,,,,,,
High Yield,OOP,Composition,Inheritance vs Composition,,,,,,,,,,,,
High Yield,OOP,Composition,How will you choose Inheritance or Composition,,,,,,,,,,,,
High Yield,OOP,Composition,Explain benefit of Composition over Inheritance with a use case,• Department class getListOfEmployees where Employee class extended as PermanantEmployees / ContractEmployees also can be accomodated,,,,,,,,,,,
High Yield,OOP,Cohesion,"Definition — What, When, Where, Why & How",,,,,,,,,,,,
High Yield,OOP,Coupling,"Definition — What, When, Where, Why & How",,,,,,,,,,,,
High Yield,OOP,Misc,Constructor vs Method,,,,,,,,,,,,
High Yield,OOP,Misc,Constructor Chaining (this() vs super()),,,,,,,,,,,,
High Yield,OOP,Misc,this vs super,,,,,,,,,,,,
High Yield,OOP,Misc,Functional Interface,,,,,,,,,,,,
High Yield,OOP,Misc,Marker Interface,,,,,,,,,,,,
High Yield,OOP,Misc,Final Class vs Final Method vs Final Variable,,,,,,,,,,,,
High Yield,OOP,Nested Classes,Definition,,,,,,,,,,,,
High Yield,OOP,Nested Classes,"Types — What, When, Where, Why & How",,,,,,,,,,,,
High Yield,OOP,SOLID,Explain with examples,,,,,,,,,,,,
High Yield,OOP,GOF,Definition,,,,,,,,,,,,
High Yield,OOP,GOF,All categories — List down types for each,,,,,,,,,,,,
High Yield,OOP,GOF,"Example implementation for,","• Creational
  ◦ Singleton
  ◦ Factory
  ◦ Builder
• Structural
  ◦ Adapter
  ◦ Facade
  ◦ Proxy
• Behavioural
  ◦ Observer
  ◦ Strategy
  ◦ Template Method (Example — validation using interface & abstract)",,,,,,,,,,,
High Yield,OOP,Scenario Based,"Interface or Abstract Class, which would you choose for a payment system?",,,,,,,,,,,,
High Yield,OOP,Scenario Based,"Inheritance or Composition, which is better and why?",,,,,,,,,,,,
High Yield,OOP,Scenario Based,"How would you design a notification framework supporting Email, SMS, Push, WhatsApp?",,,,,,,,,,,,
High Yield,OOP,Scenario Based,Explain Parent obj = new Child();. Which methods and variables are accessible?,,,,,,,,,,,,
High Yield,OOP,Scenario Based,Explain Dynamic Method Dispatch internally.,,,,,,,,,,,,
High Yield,OOP,Scenario Based,Two interfaces have the same default method. How do you resolve it?,,,,,,,,,,,,
High Yield,OOP,Scenario Based,Why is programming to interfaces considered a best practice?,,,,,,,,,,,,
High Yield,OOP,Scenario Based,Refactor a tightly coupled design into a loosely coupled one.,,,,,,,,,,,,
High Yield,OOP,Scenario Based,Design a plugin architecture using OOP principles.,,,,,,,,,,,,
High Yield,OOP,Scenario Based,A class has 15 constructor parameters. How would you redesign it?,,,,,,,,,,,,
High Yield,OOP,Scenario Based,How would you model a payment gateway using abstraction and polymorphism?,,,,,,,,,,,,
High Yield,OOP,Scenario Based,Explain a real production example where composition helped more than inheritance.,,,,,,,,,,,,
High Yield,CORE JAVA,General,Features of Java,,,,,,,,,,,,
High Yield,CORE JAVA,JVM,JDK architecture,,,,,,,,,,,,
High Yield,CORE JAVA,JVM,How java code is executed,,,,,,,,,,,,
High Yield,CORE JAVA,JVM,JVM Architecture,,,,,,,,,,,,
High Yield,CORE JAVA,JVM,Explain each JVM sections and its components role,,,,,,,,,,,,
High Yield,CORE JAVA,Garbage Collection & Memory Management,"Explain JVM memory structure (Heap, Stack, Metaspace)",,,,,,,,,,,,
High Yield,CORE JAVA,Garbage Collection & Memory Management,Heap vs Stack vs Metaspace,,,,,,,,,,,,
High Yield,CORE JAVA,Garbage Collection & Memory Management,"Deep dive: Heap Memory (Eden, S0, S1, Tenured)",,,,,,,,,,,,
High Yield,CORE JAVA,Garbage Collection & Memory Management,Explain object life cycle,,,,,,,,,,,,
High Yield,CORE JAVA,Garbage Collection & Memory Management,"What are the reference types (Strong, Soft, Weak, Phantom)",,,,,,,,,,,,
High Yield,CORE JAVA,Garbage Collection & Memory Management,What is Garbage collection,,,,,,,,,,,,
High Yield,CORE JAVA,Garbage Collection & Memory Management,What is GC Roots & Reachability?,,,,,,,,,,,,
High Yield,CORE JAVA,Garbage Collection & Memory Management,What is STW (Stop-The-World)?,,,,,,,,,,,,
High Yield,CORE JAVA,Garbage Collection & Memory Management,What is Mark & Sweep & Concurrent Mark & Sweep?,,,,,,,,,,,,
High Yield,CORE JAVA,Garbage Collection & Memory Management,"List all GC events, when & why it happens (Minor, Major, Full GC)",,,,,,,,,,,,
High Yield,CORE JAVA,Garbage Collection & Memory Management,"List all GC algorithms, Goal, Characteristics & JVM flags",,,,,,,,,,,,
High Yield,CORE JAVA,Garbage Collection & Memory Management,G1 vs Parallel GC,,,,,,,,,,,,
High Yield,CORE JAVA,Garbage Collection & Memory Management,Why G1 is preferred? (Fragmented GC & Region-based memory),,,,,,,,,,,,
High Yield,CORE JAVA,Garbage Collection & Memory Management,Can we force GC?,,,,,,,,,,,,
High Yield,CORE JAVA,Garbage Collection & Memory Management,What is memory leaks & when does it occur,,,,,,,,,,,,
High Yield,CORE JAVA,Garbage Collection & Memory Management,What is OutOfMemoryError & when does it occur,,,,,,,,,,,,
High Yield,CORE JAVA,Garbage Collection & Memory Management,Heap Dump vs Thread Dump,,,,,,,,,,,,
High Yield,CORE JAVA,Garbage Collection & Memory Management,"Have you used any JVM dump / monitoring tools? (JVisualVM, JConsole, Eclipse MAT, JMC)",,,,,,,,,,,,
High Yield,CORE JAVA,Garbage Collection & Memory Management,"How will you troubleshoot OutOfMemoryError in production (Heap Dump, Thread Dump, GC Logs, Tools)",,,,,,,,,,,,
High Yield,CORE JAVA,Garbage Collection & Memory Management,Have you done JVM tuning in real time?,,,,,,,,,,,,
High Yield,CORE JAVA,Error & Exception,Exception Diagram (Throwable hierarchy),,,,,,,,,,,,
High Yield,CORE JAVA,Error & Exception,Exception vs Error vs Throwable,,,,,,,,,,,,
High Yield,CORE JAVA,Error & Exception,Checked vs Unchecked Exception,,,,,,,,,,,,
High Yield,CORE JAVA,Error & Exception,FileNotFoundException type,,,,,,,,,,,,
High Yield,CORE JAVA,Error & Exception,try_catch_finally flow,,,,,,,,,,,,
High Yield,CORE JAVA,Error & Exception,Multi-catch (Handling multiple types),,,,,,,,,,,,
High Yield,CORE JAVA,Error & Exception,Order of exception hierarchy and catch order,,,,,,,,,,,,
High Yield,CORE JAVA,Error & Exception,Return in try vs finally,,,,,,,,,,,,
High Yield,CORE JAVA,Error & Exception,Can we stop finally block from executing?,,,,,,,,,,,,
High Yield,CORE JAVA,Error & Exception,Exception propagation (Delegating to caller),,,,,,,,,,,,
High Yield,CORE JAVA,Error & Exception,Stack unwinding,,,,,,,,,,,,
High Yield,CORE JAVA,Error & Exception,throw vs throws,,,,,,,,,,,,
High Yield,CORE JAVA,Error & Exception,Chained exceptions,,,,,,,,,,,,
High Yield,CORE JAVA,Error & Exception,Suppressed exceptions,,,,,,,,,,,,
High Yield,CORE JAVA,Error & Exception,Try-with-resources,,,,,,,,,,,,
High Yield,CORE JAVA,Error & Exception,Custom exceptions (Exception vs RuntimeException),,,,,,,,,,,,
High Yield,CORE JAVA,Error & Exception,Exception handling with method overriding,,,,,,,,,,,,
High Yield,CORE JAVA,Error & Exception,StackOverflowError vs OutOfMemoryError,,,,,,,,,,,,
High Yield,CORE JAVA,Error & Exception,ConcurrentModificationException,,,,,,,,,,,,
High Yield,CORE JAVA,Error & Exception,Design patterns in exception handling,,,,,,,,,,,,
High Yield,CORE JAVA,Error & Exception,Exception handling best practices,,,,,,,,,,,,
High Yield,CORE JAVA,Error & Exception,How to handle custom exceptions in Spring Boot,,,,,,,,,,,,
High Yield,CORE JAVA,Error & Exception,@ExceptionHandler vs @ControllerAdvice,,,,,,,,,,,,
High Yield,CORE JAVA,Error & Exception,Transaction rollback and exceptions,,,,,,,,,,,,
High Yield,CORE JAVA,Error & Exception,Exception handling in CompletableFuture,,,,,,,,,,,,
High Yield,CORE JAVA,Keywords & Modifiers,Why no pointers in Java,,,,,,,,,,,,
High Yield,CORE JAVA,Keywords & Modifiers,Call by Value vs Call by Reference in Java,,,,,,,,,,,,
High Yield,CORE JAVA,Keywords & Modifiers,Can we overload main method in Java?,,,,,,,,,,,,
High Yield,CORE JAVA,Keywords & Modifiers,"Access & Control Modifiers: private, static, final (variable, method, class)",,,,,,,,,,,,
High Yield,CORE JAVA,Keywords & Modifiers,"static - block, import, nested class",,,,,,,,,,,,
High Yield,CORE JAVA,Keywords & Modifiers,default methods (Interface evolution),,,,,,,,,,,,
High Yield,CORE JAVA,Keywords & Modifiers,synchronized,,,,,,,,,,,,
High Yield,CORE JAVA,Keywords & Modifiers,volatile,,,,,,,,,,,,
High Yield,CORE JAVA,Keywords & Modifiers,transient,,,,,,,,,,,,
High Yield,CORE JAVA,Keywords & Modifiers,Final vs Finally vs Finalize,,,,,,,,,,,,
High Yield,CORE JAVA,Keywords & Modifiers,When finalize method is called,,,,,,,,,,,,
High Yield,CORE JAVA,Strings,Ways to create Strings in Java (Literals vs new String()),,,,,,,,,,,,
High Yield,CORE JAVA,Strings,"String s1=""abc"" vs String s2=new String(""abc""): Object creation & memory locations",,,,,,,,,,,,
High Yield,CORE JAVA,Strings,Stack vs Heap memory in Java,,,,,,,,,,,,
High Yield,CORE JAVA,Strings,String Pool & memory layout,,,,,,,,,,,,
High Yield,CORE JAVA,Strings,intern() method and String interning,,,,,,,,,,,,
High Yield,CORE JAVA,Strings,Immutability concepts: What is an immutable class?,,,,,,,,,,,,
High Yield,CORE JAVA,Strings,Why String is immutable,,,,,,,,,,,,
High Yield,CORE JAVA,Strings,Why String is final,,,,,,,,,,,,
High Yield,CORE JAVA,Strings,String hashCode caching & HashMap with String keys,,,,,,,,,,,,
High Yield,CORE JAVA,Strings,Password handling: String vs char[] (Security & memory considerations),,,,,,,,,,,,
High Yield,CORE JAVA,Strings,Object equality: == vs equals() vs compareTo(),,,,,,,,,,,,
High Yield,CORE JAVA,Strings,Things to consider when overriding/using equals() & hashCode(),,,,,,,,,,,,
High Yield,CORE JAVA,Strings,"String utility methods & common operations (replace vs replaceAll, getBytes vs toCharArray)",,,,,,,,,,,,
High Yield,CORE JAVA,Strings,split vs splice vs StringTokenizer,,,,,,,,,,,,
High Yield,CORE JAVA,Strings,String concatenation internals: Compile-time vs runtime concatenation,,,,,,,,,,,,
High Yield,CORE JAVA,Strings,Why excessive String concatenation hurts performance,,,,,,,,,,,,
High Yield,CORE JAVA,Strings,"String vs StringBuilder vs StringBuffer (Mutable vs Immutable, Thread safety)",,,,,,,,,,,,
High Yield,CORE JAVA,Strings,"Creating custom immutable classes & handling mutability (Getter/Setter rules, defensive copying)",,,,,,,,,,,,
High Yield,CORE JAVA,Strings,Can we have an immutable constructor?,,,,,,,,,,,,
High Yield,CORE JAVA,Strings,substring() changes across Java versions,,,,,,,,,,,,
High Yield,CORE JAVA,Strings,Compact Strings (Java 9+),,,,,,,,,,,,
High Yield,CORE JAVA,Strings,G1 String Deduplication,,,,,,,,,,,,
High Yield,CORE JAVA,Strings,Reverse String / Palindrome / Anagram (Coding problems),,,,,,,,,,,,
High Yield,CORE JAVA,Strings,Split CSV string using Stream API and print (Coding problem),,,,,,,,,,,,
High Yield,CORE JAVA,Collection Framework,What are Collections? (Java Collections Framework vs java.util vs Collections utility class),,,,,,,,,,,,
High Yield,CORE JAVA,Collection Framework,Collections Hierarchy & Collection Diagram,,,,,,,,,,,,
High Yield,CORE JAVA,Collection Framework,List vs Set vs Map vs Queue,,,,,,,,,,,,
High Yield,CORE JAVA,Collection Framework,Decision Flowchart: How to select the right Collection for real-world scenarios,,,,,,,,,,,,
High Yield,CORE JAVA,Collection Framework,Time Complexities of common collection operations,,,,,,,,,,,,
High Yield,CORE JAVA,Collection Framework,Difference between Array and Collection,,,,,,,,,,,,
High Yield,CORE JAVA,Collection Framework,Difference between Set and List,,,,,,,,,,,,
High Yield,CORE JAVA,Collection Framework,"ArrayList vs LinkedList (Internal workings, differences, and trade-offs)",,,,,,,,,,,,
High Yield,CORE JAVA,Collection Framework,"Default capacities: List (10), Map (16 buckets), Set (16 via internal HashMap)",,,,,,,,,,,,
High Yield,CORE JAVA,Collection Framework,Creating a custom ArrayList to disallow duplicates,,,,,,,,,,,,
High Yield,CORE JAVA,Collection Framework,How to remove duplicates from a List without using a Set,,,,,,,,,,,,
High Yield,CORE JAVA,Collection Framework,HashSet internal working,,,,,,,,,,,,
High Yield,CORE JAVA,Collection Framework,HashMap vs HashSet (Difference and internal reliance),,,,,,,,,,,,
High Yield,CORE JAVA,Collection Framework,Which one is faster: Set or HashMap? (Performance comparison & internal explanation),,,,,,,,,,,,
High Yield,CORE JAVA,Collection Framework,Tricky: How Set allows duplicate custom objects if equals() and hashCode() are not overridden,,,,,,,,,,,,
High Yield,CORE JAVA,Collection Framework,equals() vs hashCode() contract & hashing basics,,,,,,,,,,,,
High Yield,CORE JAVA,Collection Framework,What is a Hash Collision & Collision resolution techniques,,,,,,,,,,,,
High Yield,CORE JAVA,Collection Framework,"HashMap internal working (DSA basics, indexing, load factor, resizing, treeification)",,,,,,,,,,,,
High Yield,CORE JAVA,Collection Framework,Common HashMap methods (including checking if a HashMap contains a specific value),,,,,,,,,,,,
High Yield,CORE JAVA,Collection Framework,HashMap vs LinkedHashMap vs TreeMap,,,,,,,,,,,,
High Yield,CORE JAVA,Collection Framework,Understanding TreeMap in Java and Red-Black Trees,,,,,,,,,,,,
High Yield,CORE JAVA,Collection Framework,HashMap vs Hashtable (Differences & internal working),,,,,,,,,,,,
High Yield,CORE JAVA,Collection Framework,Is HashMap thread-safe?,,,,,,,,,,,,
High Yield,CORE JAVA,Collection Framework,Synchronized collections vs Concurrent collections,,,,,,,,,,,,
High Yield,CORE JAVA,Collection Framework,"ConcurrentHashMap: Internal locking mechanism, null key/value restrictions, and why it is preferred over Hashtable",,,,,,,,,,,,
High Yield,CORE JAVA,Collection Framework,ArrayDeque vs Stack (Why ArrayDeque is preferred over Legacy Stack),,,,,,,,,,,,
High Yield,CORE JAVA,Collection Framework,PriorityQueue (Heap-based ordering & internal working),,,,,,,,,,,,
High Yield,CORE JAVA,Collection Framework,Iterator vs ListIterator vs Enumeration,,,,,,,,,,,,
High Yield,CORE JAVA,Collection Framework,Fail-Fast vs Fail-Safe Iterators in Java,,,,,,,,,,,,
High Yield,CORE JAVA,Collection Framework,Objects ordering: Comparable vs Comparator,,,,,,,,,,,,
High Yield,CORE JAVA,Collection Framework,compareTo() method usage and implementation,,,,,,,,,,,,
High Yield,CORE JAVA,Collection Framework,"Sorting objects based on attributes (e.g., ID, Name) using Comparable and Comparator",,,,,,,,,,,,
High Yield,CORE JAVA,Collection Framework,Creating custom Comparators using lambda expressions & utility methods,,,,,,,,,,,,
High Yield,CORE JAVA,Collection Framework,Collections class static utility methods,,,,,,,,,,,,
High Yield,CORE JAVA,Collection Framework,"Immutable vs Unmodifiable collections (e.g., List.of() vs Collections.unmodifiableList())",,,,,,,,,,,,
High Yield,CORE JAVA,Collection Framework,"Collections vs Streams (Differences, performance, and memory usage)",,,,,,,,,,,,
High Yield,CORE JAVA,Collection Framework,Working with Streams on Collections,,,,,,,,,,,,
High Yield,CORE JAVA,Java 8,Lambda Expressions,,,,,,,,,,,,
High Yield,CORE JAVA,Java 8,Stream API,,,,,,,,,,,,
High Yield,CORE JAVA,Java 8,Functional Interfaces,,,,,,,,,,,,
High Yield,CORE JAVA,Java 8,Method References,,,,,,,,,,,,
High Yield,CORE JAVA,Java 8,Default and Static Methods,,,,,,,,,,,,
High Yield,CORE JAVA,Java 8,Optional Class,,,,,,,,,,,,
High Yield,CORE JAVA,Java 8,New Date and Time API,,,,,,,,,,,,
High Yield,CORE JAVA,Java 8,Base64 Encoding and Decoding,,,,,,,,,,,,
High Yield,CORE JAVA,"Java 17, 21, 25",Sealed Classes and Interfaces,,,,,,,,,,,,
High Yield,CORE JAVA,"Java 17, 21, 25",Records,,,,,,,,,,,,
High Yield,CORE JAVA,"Java 17, 21, 25",Pattern Matching for `instanceof`,,,,,,,,,,,,
High Yield,CORE JAVA,"Java 17, 21, 25",Switch Expressions,,,,,,,,,,,,
High Yield,CORE JAVA,"Java 17, 21, 25",Text Blocks,,,,,,,,,,,,
High Yield,CORE JAVA,"Java 17, 21, 25",Helpful NullPointerExceptions,,,,,,,,,,,,
High Yield,CORE JAVA,"Java 17, 21, 25",Virtual Threads,,,,,,,,,,,,
High Yield,CORE JAVA,"Java 17, 21, 25",Pattern Matching for `switch`,,,,,,,,,,,,
High Yield,CORE JAVA,"Java 17, 21, 25",Record Patterns,,,,,,,,,,,,
High Yield,CORE JAVA,"Java 17, 21, 25",Sequenced Collections Framework,,,,,,,,,,,,
High Yield,CORE JAVA,"Java 17, 21, 25",Generational ZGC,,,,,,,,,,,,
High Yield,CORE JAVA,"Java 17, 21, 25",UTF-8 by Default,,,,,,,,,,,,
High Yield,CORE JAVA,"Java 17, 21, 25",Unnamed Variables and Patterns,,,,,,,,,,,,
High Yield,CORE JAVA,"Java 17, 21, 25",Stream Gatherers,,,,,,,,,,,,
High Yield,CORE JAVA,"Java 17, 21, 25",Compact Object Headers,,,,,,,,,,,,
High Yield,CORE JAVA,"Java 17, 21, 25",Foreign Function and Memory API,,,,,,,,,,,,
High Yield,CORE JAVA,"Java 17, 21, 25",Scoped Values,,,,,,,,,,,,
High Yield,CORE JAVA,"Java 17, 21, 25",Markdown Documentation Comments,,,,,,,,,,,,
High Yield,CORE JAVA,"Java 17, 21, 25",Implicitly Declared Classes and Instance Main Methods,,,,,,,,,,,,
High Yield,CORE JAVA,Multithreading Fundamentals & Concepts,What is Multithreading & Concurrency?,,,,,,,,,,,,
High Yield,CORE JAVA,Multithreading Fundamentals & Concepts,What is the need for threads in Java?,,,,,,,,,,,,
High Yield,CORE JAVA,Multithreading Fundamentals & Concepts,Process vs Thread (Process-based vs Thread-based Multitasking),,,,,,,,,,,,
High Yield,CORE JAVA,Multithreading Fundamentals & Concepts,Concurrency vs Parallelism,,,,,,,,,,,,
High Yield,CORE JAVA,Thread Creation & Execution,"Ways to create a thread: Thread class, Runnable interface, Callable interface",,,,,,,,,,,,
High Yield,CORE JAVA,Thread Creation & Execution,Create a thread using Thread,,,,,,,,,,,,
High Yield,CORE JAVA,Thread Creation & Execution,Create a thread using Runnable,,,,,,,,,,,,
High Yield,CORE JAVA,Thread Creation & Execution,Create a thread using Callable,,,,,,,,,,,,
High Yield,CORE JAVA,Thread Creation & Execution,How to run a thread: start() vs run(),,,,,,,,,,,,
High Yield,CORE JAVA,Thread Creation & Execution,What happens when calling start() twice on the same thread?,,,,,,,,,,,,
High Yield,CORE JAVA,Thread Creation & Execution,Runnable vs Callable,,,,,,,,,,,,
High Yield,CORE JAVA,Thread Lifecycle & Control Methods,Thread Lifecycle & States (Thread.State),,,,,,,,,,,,
High Yield,CORE JAVA,Thread Lifecycle & Control Methods,Thread Priority & Thread Naming,,,,,,,,,,,,
High Yield,CORE JAVA,Thread Lifecycle & Control Methods,Daemon Threads,,,,,,,,,,,,
High Yield,CORE JAVA,Thread Lifecycle & Control Methods,"Basic Thread Methods: sleep(), join(), yield()",,,,,,,,,,,,
High Yield,CORE JAVA,Synchronization & Inter-Thread Communication,What is Synchronization?,,,,,,,,,,,,
High Yield,CORE JAVA,Synchronization & Inter-Thread Communication,"Synchronization levels: Method level, Block level, Static vs Instance methods",,,,,,,,,,,,
High Yield,CORE JAVA,Synchronization & Inter-Thread Communication,Object-level locking vs Class-level locking,,,,,,,,,,,,
High Yield,CORE JAVA,Synchronization & Inter-Thread Communication,"Inter-Thread Communication: wait(), notify(), notifyAll()",,,,,,,,,,,,
High Yield,CORE JAVA,Synchronization & Inter-Thread Communication,sleep() vs wait(),,,,,,,,,,,,
High Yield,CORE JAVA,Synchronization & Inter-Thread Communication,What is a Deadlock?,,,,,,,,,,,,
High Yield,CORE JAVA,Synchronization & Inter-Thread Communication,Deadlock example & How to resolve/prevent deadlock,,,,,,,,,,,,
High Yield,CORE JAVA,Memory Model & Low-Level Concurrency,volatile keyword,,,,,,,,,,,,
High Yield,CORE JAVA,Memory Model & Low-Level Concurrency,volatile vs synchronized,,,,,,,,,,,,
High Yield,CORE JAVA,Memory Model & Low-Level Concurrency,Lock-free Programming & CAS (Compare-And-Swap),,,,,,,,,,,,
High Yield,CORE JAVA,Memory Model & Low-Level Concurrency,AtomicInteger vs volatile,,,,,,,,,,,,
High Yield,CORE JAVA,Memory Model & Low-Level Concurrency,AtomicInteger vs Synchronization,,,,,,,,,,,,
High Yield,CORE JAVA,Memory Model & Low-Level Concurrency,Optimistic vs Pessimistic Locking,,,,,,,,,,,,
High Yield,CORE JAVA,Concurrency Utilities & Locking Framework,High-Level Concurrency Utilities (java.util.concurrent),,,,,,,,,,,,
High Yield,CORE JAVA,Concurrency Utilities & Locking Framework,Explicit Locks: synchronized vs Lock / ReentrantLock,,,,,,,,,,,,
High Yield,CORE JAVA,Concurrency Utilities & Locking Framework,Concurrent Collections: ConcurrentHashMap,,,,,,,,,,,,
High Yield,CORE JAVA,Concurrency Utilities & Locking Framework,"Synchronization Helpers: CountDownLatch, Semaphore",,,,,,,,,,,,
High Yield,CORE JAVA,Thread Pools & Asynchronous Execution,Thread Pools & Executor Framework,,,,,,,,,,,,
High Yield,CORE JAVA,Thread Pools & Asynchronous Execution,Why ExecutorService over raw threads?,,,,,,,,,,,,
High Yield,CORE JAVA,Thread Pools & Asynchronous Execution,ExecutorService & Ways to create Executor Services,,,,,,,,,,,,
High Yield,CORE JAVA,Thread Pools & Asynchronous Execution,"How to check task completion: Callable, Future & Future.isDone()",,,,,,,,,,,,
High Yield,CORE JAVA,Thread Pools & Asynchronous Execution,ThreadPoolExecutor vs ForkJoinPool,,,,,,,,,,,,
High Yield,CORE JAVA,Thread Pools & Asynchronous Execution,ExecutorService vs ForkJoin Framework,,,,,,,,,,,,
High Yield,CORE JAVA,Thread Pools & Asynchronous Execution,Parallel Streams,,,,,,,,,,,,
High Yield,CORE JAVA,Thread Pools & Asynchronous Execution,Asynchronous Programming: CompletableFuture,,,,,,,,,,,,
High Yield,CORE JAVA,Concurrency Trade-Offs & Best Practices,When to use synchronized vs Lock vs AtomicInteger vs volatile,,,,,,,,,,,,
High Yield,CORE JAVA,Concurrency Trade-Offs & Best Practices,"Trade-offs in Java Concurrency (synchronized vs Lock, wait/notify vs BlockingQueue, etc.)",,,,,,,,,,,,
High Yield,CORE JAVA,Concurrency Trade-Offs & Best Practices,How to prevent Race Conditions in production,,,,,,,,,,,,
High Yield,CORE JAVA,Practical Coding & Design Challenges,Design a Thread-Safe Singleton,,,,,,,,,,,,
High Yield,CORE JAVA,Practical Coding & Design Challenges,Print Odd-Even using two threads,,,,,,,,,,,,
High Yield,CORE JAVA,Practical Coding & Design Challenges,Print 1 to 100 using three threads,,,,,,,,,,,,
High Yield,CORE JAVA,Practical Coding & Design Challenges,Design Producer-Consumer Pattern,,,,,,,,,,,,
High Yield,CORE JAVA,Practical Coding & Design Challenges,ReentrantLock example,,,,,,,,,,,,
High Yield,CORE JAVA,Practical Coding & Design Challenges,ExecutorService example,,,,,,,,,,,,
High Yield,CORE JAVA,Practical Coding & Design Challenges,CountDownLatch example,,,,,,,,,,,,
High Yield,CORE JAVA,Practical Coding & Design Challenges,Semaphore example,,,,,,,,,,,,
High Yield,CORE JAVA,Practical Coding & Design Challenges,CompletableFuture example,,,,,,,,,,,,
High Yield,CORE JAVA,Practical Coding & Design Challenges,ConcurrentHashMap example,,,,,,,,,,,,
High Yield,CORE JAVA,Practical Coding & Design Challenges,Design a Thread-Safe Cache,,,,,,,,,,,,
High Yield,CORE JAVA,Practical Coding & Design Challenges,Design a Connection Pool,,,,,,,,,,,,
High Yield,CORE JAVA,Practical Coding & Design Challenges,Explain a Multithreading issue solved in production,,,,,,,,,,,,
High Yield,CORE JAVA,I/O in Java,Java I/O Architecture Overview,,,,,,,,,,,,
High Yield,CORE JAVA,I/O in Java,I/O Inheritance Hierarchy Diagram,,,,,,,,,,,,
High Yield,CORE JAVA,I/O in Java,Stream Classifications Based on Data Type,,,,,,,,,,,,
High Yield,CORE JAVA,I/O in Java,Byte Stream vs Character Stream,,,,,,,,,,,,
High Yield,CORE JAVA,I/O in Java,InputStream vs Reader,,,,,,,,,,,,
High Yield,CORE JAVA,I/O in Java,OutputStream vs Writer,,,,,,,,,,,,
High Yield,CORE JAVA,I/O in Java,"Byte Stream Classes (FileInputStream, FileOutputStream)",,,,,,,,,,,,
High Yield,CORE JAVA,I/O in Java,"Character Stream Classes (FileReader, FileWriter)",,,,,,,,,,,,
High Yield,CORE JAVA,I/O in Java,What is Buffering & Why is Buffering Faster?,,,,,,,,,,,,
High Yield,CORE JAVA,I/O in Java,FileInputStream vs BufferedInputStream & FileOutputStream vs BufferedOutputStream,,,,,,,,,,,,
High Yield,CORE JAVA,I/O in Java,FileReader vs BufferedReader,,,,,,,,,,,,
High Yield,CORE JAVA,I/O in Java,BufferedReader vs Scanner,,,,,,,,,,,,
High Yield,CORE JAVA,I/O in Java,read() vs readLine(),,,,,,,,,,,,
High Yield,CORE JAVA,I/O in Java,"Bridge Streams (InputStreamReader, OutputStreamWriter)",,,,,,,,,,,,
High Yield,CORE JAVA,I/O in Java,flush() vs close(),,,,,,,,,,,,
High Yield,CORE JAVA,I/O in Java,Best Practice to Read a File Example,,,,,,,,,,,,
High Yield,CORE JAVA,I/O in Java,try-finally vs try-with-resources,,,,,,,,,,,,
High Yield,CORE JAVA,I/O in Java,File vs Path,,,,,,,,,,,,
High Yield,CORE JAVA,I/O in Java,File vs Files,,,,,,,,,,,,
High Yield,CORE JAVA,I/O in Java,Paths.get() vs Path.of(),,,,,,,,,,,,
High Yield,CORE JAVA,I/O in Java,createNewFile() vs mkdir(),,,,,,,,,,,,
High Yield,CORE JAVA,I/O in Java,delete() vs deleteIfExists(),,,,,,,,,,,,
High Yield,CORE JAVA,I/O in Java,Classic I/O (IO) vs New I/O (NIO) vs NIO.2,,,,,,,,,,,,
High Yield,CORE JAVA,I/O in Java,Stream vs Channel,,,,,,,,,,,,
High Yield,CORE JAVA,I/O in Java,FileChannel vs Streams,,,,,,,,,,,,
High Yield,CORE JAVA,I/O in Java,Why is NIO Faster?,,,,,,,,,,,,
High Yield,CORE JAVA,I/O in Java,Heap Buffer vs Direct Buffer,,,,,,,,,,,,
High Yield,CORE JAVA,I/O in Java,Explain flip() in ByteBuffer,,,,,,,,,,,,
High Yield,CORE JAVA,I/O in Java,"Difference between flip(), clear(), and compact()",,,,,,,,,,,,
High Yield,CORE JAVA,I/O in Java,What is FileChannel?,,,,,,,,,,,,
High Yield,CORE JAVA,I/O in Java,What is a Memory-Mapped File?,,,,,,,,,,,,
High Yield,CORE JAVA,I/O in Java,Files.copy() vs FileChannel.transferTo(),,,,,,,,,,,,
High Yield,CORE JAVA,I/O in Java,How Would You Read a 10 GB File Efficiently?,,,,,,,,,,,,
High Yield,CORE JAVA,I/O in Java,How Would You Monitor a Directory for File Changes?,,,,,,,,,,,,
High Yield,CORE JAVA,I/O in Java,What Are Java I/O Best Practices in Production?,,,,,,,,,,,,
High Yield,CORE JAVA,Serialization,What is Serialization?,,,,,,,,,,,,
High Yield,CORE JAVA,Serialization,What is Deserialization?,,,,,,,,,,,,
High Yield,CORE JAVA,Serialization,Why do we need Serialization?,,,,,,,,,,,,
High Yield,CORE JAVA,Serialization,What is Serializable interface?,,,,,,,,,,,,
High Yield,CORE JAVA,Serialization,Why is Serializable a Marker Interface?,,,,,,,,,,,,
High Yield,CORE JAVA,Serialization,How do you serialize and deserialize an object? (ObjectOutputStream / ObjectInputStream),,,,,,,,,,,,
High Yield,CORE JAVA,Serialization,What is transient variable?,,,,,,,,,,,,
High Yield,CORE JAVA,Serialization,Can static variables be serialized?,,,,,,,,,,,,
High Yield,CORE JAVA,Serialization,What is serialVersionUID?,,,,,,,,,,,,
High Yield,CORE JAVA,Serialization,What happens if serialVersionUID changes?,,,,,,,,,,,,
High Yield,CORE JAVA,Serialization,What is NotSerializableException?,,,,,,,,,,,,
High Yield,CORE JAVA,Serialization,What happens if an object contains another non-serializable object?,,,,,,,,,,,,
High Yield,CORE JAVA,Serialization,"Parent Serializable, Child not Serializableâwhat happens?",,,,,,,,,,,,
High Yield,CORE JAVA,Serialization,"Child Serializable, Parent not Serializableâwhat happens?",,,,,,,,,,,,
High Yield,CORE JAVA,Serialization,Custom serialization: How do writeObject() and readObject() work?,,,,,,,,,,,,
High Yield,CORE JAVA,Serialization,What is readResolve()?,,,,,,,,,,,,
High Yield,CORE JAVA,Serialization,How does Serialization break Singleton pattern?,,,,,,,,,,,,
High Yield,CORE JAVA,Serialization,Difference between Serializable and Externalizable,,,,,,,,,,,,
High Yield,CORE JAVA,Serialization,What are the disadvantages of Java Serialization?,,,,,,,,,,,,
High Yield,CORE JAVA,Serialization,Why do modern applications prefer JSON/Protobuf/Kryo over Java Serialization?,,,,,,,,,,,,
High Yield,CORE JAVA,JDBC,Explain JDBC Architecture,,,,,,,,,,,,
High Yield,CORE JAVA,JDBC,JDBC workflow,,,,,,,,,,,,
High Yield,CORE JAVA,JDBC,Types of JDBC drivers,,,,,,,,,,,,
High Yield,CORE JAVA,JDBC,DriverManager vs Connection,,,,,,,,,,,,
High Yield,CORE JAVA,JDBC,Statement vs PreparedStatement vs CallableStatement,,,,,,,,,,,,
High Yield,CORE JAVA,JDBC,Why PreparedStatement prevents SQL Injection,,,,,,,,,,,,
High Yield,CORE JAVA,JDBC,executeQuery() vs executeUpdate() vs execute(),,,,,,,,,,,,
High Yield,CORE JAVA,JDBC,What is ResultSet?,,,,,,,,,,,,
High Yield,CORE JAVA,JDBC,Types of ResultSet,,,,,,,,,,,,
High Yield,CORE JAVA,JDBC,What is AutoCommit?,,,,,,,,,,,,
High Yield,CORE JAVA,JDBC,Commit vs Rollback,,,,,,,,,,,,
High Yield,CORE JAVA,JDBC,Savepoint,,,,,,,,,,,,
High Yield,CORE JAVA,JDBC,How transactions work,,,,,,,,,,,,
High Yield,CORE JAVA,JDBC,SQLException,,,,,,,,,,,,
High Yield,CORE JAVA,JDBC,Try-with-resources,,,,,,,,,,,,
High Yield,CORE JAVA,JDBC,Connection Pooling,,,,,,,,,,,,
High Yield,CORE JAVA,JDBC,HikariCP,,,,,,,,,,,,
High Yield,CORE JAVA,JDBC,Batch Processing,,,,,,,,,,,,
High Yield,CORE JAVA,JDBC,DatabaseMetaData vs ResultSetMetaData,,,,,,,,,,,,
High Yield,CORE JAVA,JDBC,Best practices for writing production-quality JDBC code,,,,,,,,,,,,
High Yield,CORE JAVA,Misc,What are Generics?,,,,,,,,,,,,
High Yield,CORE JAVA,Misc,Why do we need Generics?,,,,,,,,,,,,
High Yield,CORE JAVA,Misc,Real-world use of Generics in the Java Collections Framework,,,,,,,,,,,,
High Yield,CORE JAVA,Misc,Generic Class vs Generic Method,,,,,,,,,,,,
High Yield,CORE JAVA,Misc,Raw Type vs Generic Type,,,,,,,,,,,,
High Yield,CORE JAVA,Misc,Type Inference and Diamond Operator,,,,,,,,,,,,
High Yield,CORE JAVA,Misc,Why can't Generics use primitives?,,,,,,,,,,,,
High Yield,CORE JAVA,Misc,Why can't we do new T()?,,,,,,,,,,,,
High Yield,CORE JAVA,Misc,Why can't Generic Arrays be created?,,,,,,,,,,,,
High Yield,CORE JAVA,Misc,Why is `List<Integer>` not a subtype of `List<Number>`?,,,,,,,,,,,,
High Yield,CORE JAVA,Misc,What are Bounded Type Parameters?,,,,,,,,,,,,
High Yield,CORE JAVA,Misc,Multiple Bounds (T extends A & B),,,,,,,,,,,,
High Yield,CORE JAVA,Misc,Generic Wildcards,,,,,,,,,,,,
High Yield,CORE JAVA,Misc,`List<?>` vs `List<Object>`,,,,,,,,,,,,
High Yield,CORE JAVA,Misc,Wildcard Upper vs Lower Bounds (extends vs super),,,,,,,,,,,,
High Yield,CORE JAVA,Misc,"Explain PECS (Producer Extends, Consumer Super)",,,,,,,,,,,,
High Yield,CORE JAVA,Misc,Generic Functional Interfaces,,,,,,,,,,,,
High Yield,CORE JAVA,Misc,What is Type Erasure?,,,,,,,,,,,,
High Yield,CORE JAVA,Misc,Bridge Methods,,,,,,,,,,,,
High Yield,CORE JAVA,Misc,Heap Pollution,,,,,,,,,,,,
High Yield,SPRING ECOSYSTEM,Spring Core & DI,Explain Spring IoC container lifecycle. Bean creation flow end-to-end?,,,,,,,,,,,,
High Yield,SPRING ECOSYSTEM,Spring Core & DI,Singleton vs Prototype vs Request vs Session scope. Production implications?,,,,,,,,,,,,
High Yield,SPRING ECOSYSTEM,Spring Core & DI,@Autowired vs @Inject vs constructor injection. Which & why?,,,,,,,,,,,,
High Yield,SPRING ECOSYSTEM,Spring Core & DI,Circular dependency in beans. What happens? How to fix?,,,,,,,,,,,,
High Yield,SPRING ECOSYSTEM,Spring Core & DI,@Lazy annotation. When use? Performance implications?,,,,,,,,,,,,
High Yield,SPRING ECOSYSTEM,Spring Core & DI,BeanPostProcessor & BeanFactoryPostProcessor. Real-world use cases?,,,,,,,,,,,,
High Yield,SPRING ECOSYSTEM,Spring Core & DI,ApplicationContext vs BeanFactory. When each?,,,,,,,,,,,,
High Yield,SPRING ECOSYSTEM,Spring Core & DI,@Configuration vs @Component. Difference in bean creation?,,,,,,,,,,,,
High Yield,SPRING ECOSYSTEM,Spring Core & DI,Bean initialization: @PostConstruct vs InitializingBean vs init-method. Which preferred?,,,,,,,,,,,,
High Yield,SPRING ECOSYSTEM,Spring Core & DI,Bean destruction: @PreDestroy vs DisposableBean vs destroy-method. Cleanup order?,,,,,,,,,,,,
High Yield,SPRING ECOSYSTEM,Spring MVC & Web,Explain DispatcherServlet request flow end-to-end.,,,,,,,,,,,,
High Yield,SPRING ECOSYSTEM,Spring MVC & Web,HandlerMapping vs HandlerAdapter. Roles?,,,,,,,,,,,,
High Yield,SPRING ECOSYSTEM,Spring MVC & Web,@RequestMapping vs @GetMapping vs @PostMapping. Differences?,,,,,,,,,,,,
High Yield,SPRING ECOSYSTEM,Spring MVC & Web,@RequestParam vs @PathVariable vs @RequestBody. When each?,,,,,,,,,,,,
High Yield,SPRING ECOSYSTEM,Spring MVC & Web,@ControllerAdvice vs @RestControllerAdvice. Exception handling difference?,,,,,,,,,,,,
High Yield,SPRING ECOSYSTEM,Spring MVC & Web,@ExceptionHandler vs global error handling. Order of execution?,,,,,,,,,,,,
High Yield,SPRING ECOSYSTEM,Spring MVC & Web,Interceptor vs Filter. Difference? Which for authentication?,,,,,,,,,,,,
High Yield,SPRING ECOSYSTEM,Spring MVC & Web,CORS configuration. How does preflight work? Spring setup?,,,,,,,,,,,,
High Yield,SPRING ECOSYSTEM,Spring MVC & Web,Content negotiation in Spring. How does it work?,,,,,,,,,,,,
High Yield,SPRING ECOSYSTEM,Spring MVC & Web,View Resolution. What happens behind ViewResolver?,,,,,,,,,,,,
High Yield,SPRING ECOSYSTEM,JPA & Hibernate,Entity lifecycle: New → Managed → Detached → Removed. State transitions?,,,,,,,,,,,,
High Yield,SPRING ECOSYSTEM,JPA & Hibernate,@Transactional propagation: REQUIRED vs REQUIRES_NEW vs NESTED. Implications?,,,,,,,,,,,,
High Yield,SPRING ECOSYSTEM,JPA & Hibernate,Lazy loading vs Eager loading. N+1 query problem? How to fix?,,,,,,,,,,,,
High Yield,SPRING ECOSYSTEM,JPA & Hibernate,@OneToMany vs @ManyToOne vs @ManyToMany. Cascade types when?,,,,,,,,,,,,
High Yield,SPRING ECOSYSTEM,JPA & Hibernate,orphanRemoval vs cascadeType.REMOVE. Difference?,,,,,,,,,,,,
High Yield,SPRING ECOSYSTEM,JPA & Hibernate,Session cache vs L2 cache. What's cached? Performance gain?,,,,,,,,,,,,
High Yield,SPRING ECOSYSTEM,JPA & Hibernate,@Transactional rollback behavior. Checked vs Unchecked exceptions?,,,,,,,,,,,,
High Yield,SPRING ECOSYSTEM,JPA & Hibernate,Hibernate proxy objects. Why LazyInitializationException occurs?,,,,,,,,,,,,
High Yield,SPRING ECOSYSTEM,JPA & Hibernate,@Query with native SQL vs JPQL. When each?,,,,,,,,,,,,
High Yield,SPRING ECOSYSTEM,JPA & Hibernate,Criteria API vs QueryDSL vs JPA. Performance difference?,,,,,,,,,,,,
High Yield,SPRING ECOSYSTEM,JPA & Hibernate,Optimistic locking vs Pessimistic locking. @Version behavior?,,,,,,,,,,,,
High Yield,SPRING ECOSYSTEM,JPA & Hibernate,Hibernate dialect. Why needed? Custom implementation?,,,,,,,,,,,,
High Yield,SPRING ECOSYSTEM,Spring Data JPA,@Repository vs @Service. Separation of concerns?,,,,,,,,,,,,
High Yield,SPRING ECOSYSTEM,Spring Data JPA,CrudRepository vs JpaRepository vs PagingAndSortingRepository?,,,,,,,,,,,,
High Yield,SPRING ECOSYSTEM,Spring Data JPA,Custom repository implementation. How to add business logic to repo layer?,,,,,,,,,,,,
High Yield,SPRING ECOSYSTEM,Spring Data JPA,@Query derivation. Complex queries—when override?,,,,,,,,,,,,
High Yield,SPRING ECOSYSTEM,Spring Data JPA,Projections in Spring Data. Performance benefit?,,,,,,,,,,,,
High Yield,SPRING ECOSYSTEM,Spring Data JPA,Specifications for dynamic queries. Real-world use case?,,,,,,,,,,,,
High Yield,SPRING ECOSYSTEM,Spring Data JPA,Batch operations in Spring Data. Performance vs single inserts?,,,,,,,,,,,,
High Yield,SPRING ECOSYSTEM,Spring Data JPA,"Auditing with @CreatedBy, @LastModifiedDate. How it works?",,,,,,,,,,,,
High Yield,SPRING ECOSYSTEM,Spring Data MongoDB,Document storage vs Relational. When MongoDB over SQL?,,,,,,,,,,,,
High Yield,SPRING ECOSYSTEM,Spring Data MongoDB,@Document vs @Collection. Difference?,,,,,,,,,,,,
High Yield,SPRING ECOSYSTEM,Spring Data MongoDB,MongoTemplate vs MongoRepository. When each?,,,,,,,,,,,,
High Yield,SPRING ECOSYSTEM,Spring Data MongoDB,Aggregation pipeline in Spring Data. Performance?,,,,,,,,,,,,
High Yield,SPRING ECOSYSTEM,Spring Data MongoDB,Indexing in MongoDB. Performance tuning?,,,,,,,,,,,,
High Yield,SPRING ECOSYSTEM,Spring Boot,Spring Boot auto-configuration. How does it work? @EnableAutoConfiguration?,,,,,,,,,,,,
High Yield,SPRING ECOSYSTEM,Spring Boot,application.properties vs application.yml. Precedence?,,,,,,,,,,,,
High Yield,SPRING ECOSYSTEM,Spring Boot,Embedded server (Tomcat/Netty). Pros vs standalone WAR?,,,,,,,,,,,,
High Yield,SPRING ECOSYSTEM,Spring Boot,"Actuator endpoints. Security implications? /health, /metrics usage?",,,,,,,,,,,,
High Yield,SPRING ECOSYSTEM,Spring Boot,Custom Actuator endpoints. How to create?,,,,,,,,,,,,
High Yield,SPRING ECOSYSTEM,Spring Boot,Starter dependencies. What's under the hood?,,,,,,,,,,,,
High Yield,SPRING ECOSYSTEM,Spring Boot,Profile-specific configuration. application-{profile}.properties logic?,,,,,,,,,,,,
High Yield,SPRING ECOSYSTEM,Spring Boot,"Conditional beans: @ConditionalOnProperty, @ConditionalOnClass. Real use case?",,,,,,,,,,,,
High Yield,SPRING ECOSYSTEM,Spring Boot,CommandLineRunner vs ApplicationRunner. Startup logic?,,,,,,,,,,,,
High Yield,SPRING ECOSYSTEM,Spring Boot,Spring Boot testing: @SpringBootTest vs @WebMvcTest vs @DataJpaTest?,,,,,,,,,,,,
High Yield,SPRING ECOSYSTEM,Spring Security,Authentication vs Authorization. Spring Security architecture?,,,,,,,,,,,,
High Yield,SPRING ECOSYSTEM,Spring Security,SecurityContextHolder & Authentication object. When populated?,,,,,,,,,,,,
High Yield,SPRING ECOSYSTEM,Spring Security,UserDetailsService vs UserDetails. Custom implementation?,,,,,,,,,,,,
High Yield,SPRING ECOSYSTEM,Spring Security,PasswordEncoder. Why BCrypt? Salting mechanism?,,,,,,,,,,,,
High Yield,SPRING ECOSYSTEM,Spring Security,OAuth2 flow: Authorization Code vs Client Credentials vs Implicit. When each?,,,,,,,,,,,,
High Yield,SPRING ECOSYSTEM,Spring Security,JWT vs Session-based authentication. Trade-offs?,,,,,,,,,,,,
High Yield,SPRING ECOSYSTEM,Spring Security,CSRF protection mechanism. How does Spring prevent it?,,,,,,,,,,,,
High Yield,SPRING ECOSYSTEM,Spring Security,CORS in Spring Security. Configuration precedence?,,,,,,,,,,,,
High Yield,SPRING ECOSYSTEM,Spring Security,SecurityFilterChain order. Custom filters—where to add?,,,,,,,,,,,,
High Yield,SPRING ECOSYSTEM,Spring Security,@PreAuthorize vs @Secured vs @RolesAllowed. Difference?,,,,,,,,,,,,
High Yield,SPRING ECOSYSTEM,Spring Security,Method-level security. How AOP implements it?,,,,,,,,,,,,
High Yield,SPRING ECOSYSTEM,Spring Security,OAuth2 resource server. Token validation flow?,,,,,,,,,,,,
High Yield,SPRING ECOSYSTEM,Spring Security,Refresh token rotation. Expiry strategy?,,,,,,,,,,,,
High Yield,SPRING ECOSYSTEM,Spring Security,HttpSession vs JWT in distributed systems. Sticky sessions?,,,,,,,,,,,,
High Yield,SPRING ECOSYSTEM,AOP,"Aspects, Joinpoints, Pointcuts, Advice. Terminology?",,,,,,,,,,,,
High Yield,SPRING ECOSYSTEM,AOP,@Aspect vs XML configuration. Which preferred?,,,,,,,,,,,,
High Yield,SPRING ECOSYSTEM,AOP,"Advice types: @Before, @After, @Around, @AfterReturning, @AfterThrowing. When each?",,,,,,,,,,,,
High Yield,SPRING ECOSYSTEM,AOP,Pointcut expressions. Complex matching scenarios?,,,,,,,,,,,,
High Yield,SPRING ECOSYSTEM,AOP,Proxy creation: JDK dynamic vs CGLIB. When each?,,,,,,,,,,,,
High Yield,SPRING ECOSYSTEM,AOP,Weaving: compile-time vs load-time vs runtime. Spring uses which?,,,,,,,,,,,,
High Yield,SPRING ECOSYSTEM,AOP,AOP performance cost. Optimizations?,,,,,,,,,,,,
High Yield,SPRING ECOSYSTEM,Transactions,@Transactional on class vs method. Inheritance behavior?,,,,,,,,,,,,
High Yield,SPRING ECOSYSTEM,Transactions,Propagation levels: REQUIRED vs REQUIRES_NEW vs NESTED. Real scenarios?,,,,,,,,,,,,
High Yield,SPRING ECOSYSTEM,Transactions,Isolation levels: READ_UNCOMMITTED vs READ_COMMITTED vs REPEATABLE_READ vs SERIALIZABLE?,,,,,,,,,,,,
High Yield,SPRING ECOSYSTEM,Transactions,TransactionManager vs PlatformTransactionManager. Abstraction?,,,,,,,,,,,,
High Yield,SPRING ECOSYSTEM,Transactions,Declarative vs Programmatic transactions. Trade-offs?,,,,,,,,,,,,
High Yield,SPRING ECOSYSTEM,Transactions,@Transactional(readOnly=true) optimization?,,,,,,,,,,,,
High Yield,SPRING ECOSYSTEM,Transactions,Distributed transactions: Two-phase commit? Saga pattern?,,,,,,,,,,,,
High Yield,SPRING ECOSYSTEM,Transactions,Transaction boundary problems. Service layer placement?,,,,,,,,,,,,
High Yield,SPRING ECOSYSTEM,Transactions,Rollback behavior: when does it happen? Custom rules?,,,,,,,,,,,,
High Yield,SPRING ECOSYSTEM,Service Discovery & Load Balancing,Eureka server vs client. Registration flow?,,,,,,,,,,,,
High Yield,SPRING ECOSYSTEM,Service Discovery & Load Balancing,Service discovery in production. Heartbeat & eviction?,,,,,,,,,,,,
High Yield,SPRING ECOSYSTEM,Service Discovery & Load Balancing,Client-side vs Server-side load balancing. Spring implementation?,,,,,,,,,,,,
High Yield,SPRING ECOSYSTEM,Service Discovery & Load Balancing,Ribbon & LoadBalancer. Difference? Latest recommendation?,,,,,,,,,,,,
High Yield,SPRING ECOSYSTEM,Service Discovery & Load Balancing,Service registration & discovery challenges. Consistency issues?,,,,,,,,,,,,
High Yield,SPRING ECOSYSTEM,API Gateway & Routing,Spring Cloud Gateway vs Zuul. Difference? Why Gateway now?,,,,,,,,,,,,
High Yield,SPRING ECOSYSTEM,API Gateway & Routing,Route predicates vs filters. When each?,,,,,,,,,,,,
High Yield,SPRING ECOSYSTEM,API Gateway & Routing,Rate limiting & throttling at gateway. Algorithms?,,,,,,,,,,,,
High Yield,SPRING ECOSYSTEM,API Gateway & Routing,Path rewriting. Configuration?,,,,,,,,,,,,
High Yield,SPRING ECOSYSTEM,API Gateway & Routing,Global exception handling in gateway. Propagation to clients?,,,,,,,,,,,,
High Yield,SPRING ECOSYSTEM,Config Management,Spring Cloud Config Server. Centralized configuration management?,,,,,,,,,,,,
High Yield,SPRING ECOSYSTEM,Config Management,Profile-specific config resolution. Precedence rules?,,,,,,,,,,,,
High Yield,SPRING ECOSYSTEM,Config Management,Config refresh: @RefreshScope vs manual restart?,,,,,,,,,,,,
High Yield,SPRING ECOSYSTEM,Config Management,Encryption in config server. Production security?,,,,,,,,,,,,
High Yield,SPRING ECOSYSTEM,Config Management,Config versioning & rollback strategy?,,,,,,,,,,,,
High Yield,SPRING ECOSYSTEM,Circuit Breaker & Resilience,Circuit breaker states: CLOSED vs OPEN vs HALF_OPEN. Transitions?,,,,,,,,,,,,
High Yield,SPRING ECOSYSTEM,Circuit Breaker & Resilience,Resilience4j vs Spring Retry. When each?,,,,,,,,,,,,
High Yield,SPRING ECOSYSTEM,Circuit Breaker & Resilience,@CircuitBreaker behavior. Fallback mechanism?,,,,,,,,,,,,
High Yield,SPRING ECOSYSTEM,Circuit Breaker & Resilience,Bulkhead pattern. Thread pool isolation?,,,,,,,,,,,,
High Yield,SPRING ECOSYSTEM,Circuit Breaker & Resilience,Timeout configuration. Integration with circuit breaker?,,,,,,,,,,,,
High Yield,SPRING ECOSYSTEM,Circuit Breaker & Resilience,"Retry strategies: exponential backoff, jitter. Configuration?",,,,,,,,,,,,
High Yield,SPRING ECOSYSTEM,Distributed Tracing,Spring Cloud Sleuth + Zipkin. Trace propagation?,,,,,,,,,,,,
High Yield,SPRING ECOSYSTEM,Distributed Tracing,Trace ID vs Span ID. Correlation across services?,,,,,,,,,,,,
High Yield,SPRING ECOSYSTEM,Distributed Tracing,Baggage propagation. Custom fields?,,,,,,,,,,,,
High Yield,SPRING ECOSYSTEM,Distributed Tracing,Sampling strategy. Performance implications?,,,,,,,,,,,,
High Yield,SPRING ECOSYSTEM,Event-Driven Architecture,Spring Cloud Stream. Message binding abstraction?,,,,,,,,,,,,
High Yield,SPRING ECOSYSTEM,Event-Driven Architecture,Kafka vs RabbitMQ bindings. When each?,,,,,,,,,,,,
High Yield,SPRING ECOSYSTEM,Event-Driven Architecture,Consumer groups in Stream. Scalability?,,,,,,,,,,,,
High Yield,SPRING ECOSYSTEM,Event-Driven Architecture,Dead-letter queue handling?,,,,,,,,,,,,
High Yield,SPRING ECOSYSTEM,Event-Driven Architecture,Error handling in async messaging. Retry vs DLQ?,,,,,,,,,,,,
High Yield,SPRING ECOSYSTEM,Spring Testing,@SpringBootTest vs @WebMvcTest vs @DataJpaTest vs @RestClientTest?,,,,,,,,,,,,
High Yield,SPRING ECOSYSTEM,Spring Testing,MockMvc for testing controllers. Request building & assertions?,,,,,,,,,,,,
High Yield,SPRING ECOSYSTEM,Spring Testing,@MockBean vs @SpyBean. Difference?,,,,,,,,,,,,
High Yield,SPRING ECOSYSTEM,Spring Testing,TestContainers for integration testing. Database setup?,,,,,,,,,,,,
High Yield,SPRING ECOSYSTEM,Spring Testing,@DirtiesContext. When use? Performance implication?,,,,,,,,,,,,
High Yield,SPRING ECOSYSTEM,Spring Testing,Parameterized tests with @ParameterizedTest.,,,,,,,,,,,,
High Yield,SPRING ECOSYSTEM,Spring Testing,Test transaction behavior. Rollback after test?,,,,,,,,,,,,
High Yield,SPRING ECOSYSTEM,Spring Testing,Performance testing framework integration?,,,,,,,,,,,,
High Yield,SPRING ECOSYSTEM,Spring Validation & Data,@Valid vs @Validated. Difference?,,,,,,,,,,,,
High Yield,SPRING ECOSYSTEM,Spring Validation & Data,Custom validators. ConstraintValidator implementation?,,,,,,,,,,,,
High Yield,SPRING ECOSYSTEM,Spring Validation & Data,Validation groups. Conditional validation scenarios?,,,,,,,,,,,,
High Yield,SPRING ECOSYSTEM,Spring Validation & Data,@RequestParam binding. Type conversion & validation?,,,,,,,,,,,,
High Yield,SPRING ECOSYSTEM,Spring Validation & Data,Error handling in validation. BindingResult usage?,,,,,,,,,,,,
High Yield,SPRING ECOSYSTEM,Spring Batch,"Job vs Step architecture. ItemReader, ItemProcessor, ItemWriter?",,,,,,,,,,,,
High Yield,SPRING ECOSYSTEM,Spring Batch,Chunk-oriented vs Tasklet processing. When each?,,,,,,,,,,,,
High Yield,SPRING ECOSYSTEM,Spring Batch,JobRepository & Execution context. State management?,,,,,,,,,,,,
High Yield,SPRING ECOSYSTEM,Spring Batch,Job scheduling with Spring Batch. Triggers?,,,,,,,,,,,,
High Yield,SPRING ECOSYSTEM,Spring Batch,Error handling & recovery. Skip & retry policies?,,,,,,,,,,,,
High Yield,SPRING ECOSYSTEM,Spring Batch,"Scalability: parallel steps, multi-threaded steps?",,,,,,,,,,,,
High Yield,SPRING ECOSYSTEM,Spring Batch,Job launcher. Restart behavior & idempotency?,,,,,,,,,,,,
High Yield,SPRING ECOSYSTEM,Spring Integration,Integration with external systems. Message channels?,,,,,,,,,,,,
High Yield,SPRING ECOSYSTEM,Spring Integration,Adapters vs Transformers vs Filters. Roles?,,,,,,,,,,,,
High Yield,SPRING ECOSYSTEM,Spring Integration,Error handling in integration flows. Backoff strategy?,,,,,,,,,,,,
High Yield,SPRING ECOSYSTEM,Spring Integration,Polling vs event-driven consumers?,,,,,,,,,,,,
High Yield,SPRING ECOSYSTEM,Spring Kafka,KafkaTemplate for producer. Synchronous vs asynchronous sending?,,,,,,,,,,,,
High Yield,SPRING ECOSYSTEM,Spring Kafka,@KafkaListener for consumers. Consumer groups?,,,,,,,,,,,,
High Yield,SPRING ECOSYSTEM,Spring Kafka,Partition assignment. Scaling consumers?,,,,,,,,,,,,
High Yield,SPRING ECOSYSTEM,Spring Kafka,Rebalancing behavior. Seek & offset management?,,,,,,,,,,,,
High Yield,SPRING ECOSYSTEM,Spring Kafka,Error handling. DeadLetterPublishingRecoverer?,,,,,,,,,,,,
High Yield,SPRING ECOSYSTEM,Spring Kafka,Transaction semantics in Kafka. Exactly-once delivery?,,,,,,,,,,,,
High Yield,SPRING ECOSYSTEM,Spring Kafka,Compression & batching for performance?,,,,,,,,,,,,
High Yield,SPRING ECOSYSTEM,Spring Data Redis,RedisTemplate vs StringRedisTemplate. When each?,,,,,,,,,,,,
High Yield,SPRING ECOSYSTEM,Spring Data Redis,"Spring cache abstraction: @Cacheable, @CachePut, @CacheEvict?",,,,,,,,,,,,
High Yield,SPRING ECOSYSTEM,Spring Data Redis,Cache-aside vs write-through patterns?,,,,,,,,,,,,
High Yield,SPRING ECOSYSTEM,Spring Data Redis,Cache invalidation strategies. TTL configuration?,,,,,,,,,,,,
High Yield,SPRING ECOSYSTEM,Spring Data Redis,Redis serialization. Jackson vs Kryo?,,,,,,,,,,,,
High Yield,SPRING ECOSYSTEM,Spring Data Redis,Session storage in Redis. @EnableRedisHttpSession?,,,,,,,,,,,,
High Yield,SPRING ECOSYSTEM,Spring Data Redis,Distributed caching challenges. Cache consistency?,,,,,,,,,,,,
High Yield,SPRING ECOSYSTEM,Spring Data Redis,Redis Streams with Spring. Consumer groups?,,,,,,,,,,,,
High Yield,SPRING ECOSYSTEM,Spring Data Redis,Pub/Sub vs Streams. When each?,,,,,,,,,,,,
High Yield,SPRING ECOSYSTEM,Spring WebFlux & Reactive,Reactive vs Traditional MVC. When WebFlux?,,,,,,,,,,,,
High Yield,SPRING ECOSYSTEM,Spring WebFlux & Reactive,Mono vs Flux. Lazy subscription?,,,,,,,,,,,,
High Yield,SPRING ECOSYSTEM,Spring WebFlux & Reactive,Backpressure handling. Performance optimization?,,,,,,,,,,,,
High Yield,SPRING ECOSYSTEM,Spring WebFlux & Reactive,Netty vs Tomcat. Event loop model?,,,,,,,,,,,,
High Yield,SPRING ECOSYSTEM,Spring WebFlux & Reactive,Reactive repository vs blocking. Migration challenges?,,,,,,,,,,,,
High Yield,SPRING ECOSYSTEM,Spring WebFlux & Reactive,"Error handling in reactive chains. onError, onErrorResume?",,,,,,,,,,,,
High Yield,SPRING ECOSYSTEM,Spring WebFlux & Reactive,"Testing reactive code. StepVerifier, virtual time?",,,,,,,,,,,,
High Yield,SPRING ECOSYSTEM,Spring WebFlux & Reactive,Reactive transaction management. Challenges?,,,,,,,,,,,,
High Yield,SPRING ECOSYSTEM,Spring WebFlux & Reactive,Thread safety in reactive. Schedulers?,,,,,,,,,,,,
High Yield,SPRING ECOSYSTEM,Microservices Patterns,Service-to-service communication. REST vs gRPC vs message queue?,,,,,,,,,,,,
High Yield,SPRING ECOSYSTEM,Microservices Patterns,Circuit breaker integration. Fallback strategies?,,,,,,,,,,,,
High Yield,SPRING ECOSYSTEM,Microservices Patterns,Distributed tracing across services. Implementation?,,,,,,,,,,,,
High Yield,SPRING ECOSYSTEM,Microservices Patterns,API versioning in microservices. Strategy?,,,,,,,,,,,,
High Yield,SPRING ECOSYSTEM,Microservices Patterns,Saga pattern for distributed transactions. Choreography vs Orchestration?,,,,,,,,,,,,
High Yield,SPRING ECOSYSTEM,Microservices Patterns,Database per service pattern. Data consistency challenges?,,,,,,,,,,,,
High Yield,SPRING ECOSYSTEM,Microservices Patterns,API composition vs Query composition. Trade-offs?,,,,,,,,,,,,
High Yield,SPRING ECOSYSTEM,Microservices Patterns,Event sourcing & CQRS in Spring. Implementation?,,,,,,,,,,,,
High Yield,SPRING ECOSYSTEM,Microservices Patterns,Service mesh integration. Istio with Spring?,,,,,,,,,,,,
High Yield,SPRING ECOSYSTEM,Spring Admin & Monitoring,Spring Boot Admin dashboard. Monitoring real-time metrics?,,,,,,,,,,,,
High Yield,SPRING ECOSYSTEM,Spring Admin & Monitoring,Custom metrics with Micrometer. Publishing?,,,,,,,,,,,,
High Yield,SPRING ECOSYSTEM,Spring Admin & Monitoring,Health indicators. Custom implementation?,,,,,,,,,,,,
High Yield,SPRING ECOSYSTEM,Spring Admin & Monitoring,Alerting strategies. Thresholds & notifications?,,,,,,,,,,,,
High Yield,SPRING ECOSYSTEM,Spring Admin & Monitoring,Log aggregation. ELK stack integration?,,,,,,,,,,,,
High Yield,SPRING ECOSYSTEM,Spring Admin & Monitoring,"APM tools integration. Datadog, New Relic?",,,,,,,,,,,,
High Yield,SPRING ECOSYSTEM,Production & Performance,Connection pooling: HikariCP configuration. Size tuning?,,,,,,,,,,,,
High Yield,SPRING ECOSYSTEM,Production & Performance,Thread pool sizing for async operations. Rejection policies?,,,,,,,,,,,,
High Yield,SPRING ECOSYSTEM,Production & Performance,Caching strategy: local vs distributed. Eviction policies?,,,,,,,,,,,,
High Yield,SPRING ECOSYSTEM,Production & Performance,Database query optimization. Index usage? Explain plan?,,,,,,,,,,,,
High Yield,SPRING ECOSYSTEM,Production & Performance,Memory leak prevention in Spring apps. Common patterns?,,,,,,,,,,,,
High Yield,SPRING ECOSYSTEM,Production & Performance,Graceful shutdown. Context cleanup order?,,,,,,,,,,,,
High Yield,SPRING ECOSYSTEM,Production & Performance,Zero-downtime deployment. Blue-green vs canary?,,,,,,,,,,,,
High Yield,SPRING ECOSYSTEM,Production & Performance,Load balancing at application level. Sticky sessions?,,,,,,,,,,,,
High Yield,SPRING ECOSYSTEM,Production & Performance,Rate limiting & throttling. Token bucket algorithm?,,,,,,,,,,,,
High Yield,SPRING ECOSYSTEM,Production & Performance,Security at scale. OAuth2 token caching? Refresh strategies?,,,,,,,,,,,,
High Yield,DBMS & SQL,DBMS Fundamentals,ACID properties. Explain each. Real-world implication when one fails?,,,,,,,,,,,,
High Yield,DBMS & SQL,DBMS Fundamentals,Atomicity failures. What breaks? Recovery mechanism?,,,,,,,,,,,,
High Yield,DBMS & SQL,DBMS Fundamentals,Consistency definition. Constraints enforcement? Application vs database level?,,,,,,,,,,,,
High Yield,DBMS & SQL,DBMS Fundamentals,Isolation levels: READ_UNCOMMITTED vs READ_COMMITTED vs REPEATABLE_READ vs SERIALIZABLE. Real scenarios?,,,,,,,,,,,,
High Yield,DBMS & SQL,DBMS Fundamentals,Durability guarantee. Write-ahead logging? fsync cost?,,,,,,,,,,,,
High Yield,DBMS & SQL,DBMS Fundamentals,CAP theorem. Trade-offs in distributed databases?,,,,,,,,,,,,
High Yield,DBMS & SQL,DBMS Fundamentals,RDBMS vs NoSQL. When each? Data consistency trade-offs?,,,,,,,,,,,,
High Yield,DBMS & SQL,Database Architecture,Storage engine. InnoDB vs MyISAM. MySQL default? Differences?,,,,,,,,,,,,
High Yield,DBMS & SQL,Database Architecture,Buffer pool. Size tuning? Cache hit ratio monitoring?,,,,,,,,,,,,
High Yield,DBMS & SQL,Database Architecture,Log-structured merge trees vs B-trees. When each?,,,,,,,,,,,,
High Yield,DBMS & SQL,Database Architecture,Page size & I/O optimization. Default 16KB in MySQL?,,,,,,,,,,,,
High Yield,DBMS & SQL,Database Architecture,WAL (Write-Ahead Logging). Performance implications?,,,,,,,,,,,,
High Yield,DBMS & SQL,Database Architecture,Checkpoint mechanism. Recovery time?,,,,,,,,,,,,
High Yield,DBMS & SQL,Database Architecture,Tablespace management. File organization?,,,,,,,,,,,,
High Yield,DBMS & SQL,Indexes & Query Optimization,Index types: B-tree vs Hash vs Full-text vs Spatial. When each?,,,,,,,,,,,,
High Yield,DBMS & SQL,Indexes & Query Optimization,Composite index. Column order matters? Why?,,,,,,,,,,,,
High Yield,DBMS & SQL,Indexes & Query Optimization,Primary key vs Unique index vs Foreign key. Indexing implications?,,,,,,,,,,,,
High Yield,DBMS & SQL,Indexes & Query Optimization,Index selectivity. Low selectivity—why avoid indexing?,,,,,,,,,,,,
High Yield,DBMS & SQL,Indexes & Query Optimization,Covering index. Performance benefit? Trade-off?,,,,,,,,,,,,
High Yield,DBMS & SQL,Indexes & Query Optimization,Index fragmentation. OPTIMIZE TABLE cost?,,,,,,,,,,,,
High Yield,DBMS & SQL,Indexes & Query Optimization,Query plan analysis with EXPLAIN. Key fields interpretation?,,,,,,,,,,,,
High Yield,DBMS & SQL,Indexes & Query Optimization,Query execution plan. Why different for same query?,,,,,,,,,,,,
High Yield,DBMS & SQL,Indexes & Query Optimization,"Index hints: USE INDEX, FORCE INDEX, IGNORE INDEX. When override optimizer?",,,,,,,,,,,,
High Yield,DBMS & SQL,Indexes & Query Optimization,Prefix index. Storage vs search trade-off?,,,,,,,,,,,,
High Yield,DBMS & SQL,Indexes & Query Optimization,Reverse index usage. Like '%string' problem?,,,,,,,,,,,,
High Yield,DBMS & SQL,Indexes & Query Optimization,Index cardinality. Histogram statistics?,,,,,,,,,,,,
High Yield,DBMS & SQL,Indexes & Query Optimization,Multi-column index selectivity. Which column first?,,,,,,,,,,,,
High Yield,DBMS & SQL,Query Performance & Optimization,N+1 query problem. Detection? Prevention?,,,,,,,,,,,,
High Yield,DBMS & SQL,Query Performance & Optimization,Subquery vs JOIN. Performance difference?,,,,,,,,,,,,
High Yield,DBMS & SQL,Query Performance & Optimization,INNER JOIN vs LEFT JOIN vs RIGHT JOIN. Query planner cost?,,,,,,,,,,,,
High Yield,DBMS & SQL,Query Performance & Optimization,Self-join scenarios. Performance implications?,,,,,,,,,,,,
High Yield,DBMS & SQL,Query Performance & Optimization,UNION vs UNION ALL. When UNION necessary?,,,,,,,,,,,,
High Yield,DBMS & SQL,Query Performance & Optimization,GROUP BY optimization. Index usage?,,,,,,,,,,,,
High Yield,DBMS & SQL,Query Performance & Optimization,HAVING vs WHERE. Execution order?,,,,,,,,,,,,
High Yield,DBMS & SQL,Query Performance & Optimization,LIMIT OFFSET performance degradation. Pagination strategy at scale?,,,,,,,,,,,,
High Yield,DBMS & SQL,Query Performance & Optimization,Aggregate functions: COUNT(*) vs COUNT(column). Performance?,,,,,,,,,,,,
High Yield,DBMS & SQL,Query Performance & Optimization,Distinct performance cost?,,,,,,,,,,,,
High Yield,DBMS & SQL,Query Performance & Optimization,IN vs EXISTS vs JOIN. Query optimizer choice?,,,,,,,,,,,,
High Yield,DBMS & SQL,Query Performance & Optimization,Correlated subqueries. Performance issue?,,,,,,,,,,,,
High Yield,DBMS & SQL,Query Performance & Optimization,View materialization. Performance optimization?,,,,,,,,,,,,
High Yield,DBMS & SQL,Transactions & Concurrency,Transaction isolation implementation. MVCC (Multi-Version Concurrency Control)?,,,,,,,,,,,,
High Yield,DBMS & SQL,Transactions & Concurrency,"Dirty read, non-repeatable read, phantom read. Isolation level prevents each?",,,,,,,,,,,,
High Yield,DBMS & SQL,Transactions & Concurrency,Lock types: shared vs exclusive. Deadlock causes?,,,,,,,,,,,,
High Yield,DBMS & SQL,Transactions & Concurrency,Row-level vs Table-level locking. InnoDB behavior?,,,,,,,,,,,,
High Yield,DBMS & SQL,Transactions & Concurrency,Deadlock detection & resolution. Victim selection?,,,,,,,,,,,,
High Yield,DBMS & SQL,Transactions & Concurrency,"Deadlock example: transaction A waits for B, B waits for A. How detect?",,,,,,,,,,,,
High Yield,DBMS & SQL,Transactions & Concurrency,Lock wait timeout. Configuration?,,,,,,,,,,,,
High Yield,DBMS & SQL,Transactions & Concurrency,Gap locks & next-key locks. Phantom read prevention?,,,,,,,,,,,,
High Yield,DBMS & SQL,Transactions & Concurrency,Optimistic vs Pessimistic locking. Row versioning?,,,,,,,,,,,,
High Yield,DBMS & SQL,Transactions & Concurrency,Transaction log (binlog). Replication?,,,,,,,,,,,,
High Yield,DBMS & SQL,Transactions & Concurrency,Two-phase commit. Distributed transactions?,,,,,,,,,,,,
High Yield,DBMS & SQL,Transactions & Concurrency,Savepoints. Partial rollback?,,,,,,,,,,,,
High Yield,DBMS & SQL,Data Modeling & Design,Normalization: 1NF vs 2NF vs 3NF vs BCNF. Real-world trade-offs?,,,,,,,,,,,,
High Yield,DBMS & SQL,Data Modeling & Design,Denormalization benefits & costs. When acceptable?,,,,,,,,,,,,
High Yield,DBMS & SQL,Data Modeling & Design,Entity-relationship diagram. Cardinality representation?,,,,,,,,,,,,
High Yield,DBMS & SQL,Data Modeling & Design,One-to-one vs One-to-many vs Many-to-many. Schema design?,,,,,,,,,,,,
High Yield,DBMS & SQL,Data Modeling & Design,Foreign key constraints. Referential integrity?,,,,,,,,,,,,
High Yield,DBMS & SQL,Data Modeling & Design,Surrogate vs Natural keys. When each?,,,,,,,,,,,,
High Yield,DBMS & SQL,Data Modeling & Design,Composite primary keys. Advantages & disadvantages?,,,,,,,,,,,,
High Yield,DBMS & SQL,Data Modeling & Design,Data type selection: INT vs BIGINT vs DECIMAL vs VARCHAR. Storage & performance?,,,,,,,,,,,,
High Yield,DBMS & SQL,Data Modeling & Design,NULL handling. Storage cost? Index behavior?,,,,,,,,,,,,
High Yield,DBMS & SQL,Data Modeling & Design,ENUM vs lookup table. Trade-offs?,,,,,,,,,,,,
High Yield,DBMS & SQL,Data Modeling & Design,JSON columns in MySQL. Indexing? When over relational?,,,,,,,,,,,,
High Yield,DBMS & SQL,Data Modeling & Design,Schema versioning. Migration strategy?,,,,,,,,,,,,
High Yield,DBMS & SQL,Backup & Recovery,Full backup vs Incremental vs Differential. Storage vs recovery time?,,,,,,,,,,,,
High Yield,DBMS & SQL,Backup & Recovery,Point-in-time recovery. Binlog retention?,,,,,,,,,,,,
High Yield,DBMS & SQL,Backup & Recovery,Physical vs Logical backup. mysqldump vs xtrabackup?,,,,,,,,,,,,
High Yield,DBMS & SQL,Backup & Recovery,Backup consistency. Locking implications?,,,,,,,,,,,,
High Yield,DBMS & SQL,Backup & Recovery,Recovery time objective (RTO) vs Recovery point objective (RPO). Trade-offs?,,,,,,,,,,,,
High Yield,DBMS & SQL,Backup & Recovery,Binary logging. Row-based vs Statement-based vs Mixed. Replication impact?,,,,,,,,,,,,
High Yield,DBMS & SQL,Backup & Recovery,Crash recovery. InnoDB recovery process?,,,,,,,,,,,,
High Yield,DBMS & SQL,Backup & Recovery,Backup encryption. Security at rest?,,,,,,,,,,,,
High Yield,DBMS & SQL,Replication & HA,Master-slave replication. Data flow?,,,,,,,,,,,,
High Yield,DBMS & SQL,Replication & HA,Master-master replication. Conflict resolution?,,,,,,,,,,,,
High Yield,DBMS & SQL,Replication & HA,Semi-synchronous replication. Durability guarantee?,,,,,,,,,,,,
High Yield,DBMS & SQL,Replication & HA,Replication lag. Causes? Monitoring?,,,,,,,,,,,,
High Yield,DBMS & SQL,Replication & HA,Failover mechanism. Automatic vs Manual?,,,,,,,,,,,,
High Yield,DBMS & SQL,Replication & HA,Read replicas. Scaling read traffic?,,,,,,,,,,,,
High Yield,DBMS & SQL,Replication & HA,Replication filters. Row & statement filtering?,,,,,,,,,,,,
High Yield,DBMS & SQL,Replication & HA,GTID (Global Transaction ID). Replication reliability?,,,,,,,,,,,,
High Yield,DBMS & SQL,Replication & HA,Parallel replication. Performance gain?,,,,,,,,,,,,
High Yield,DBMS & SQL,Replication & HA,Replication breakage. Skipping errors?,,,,,,,,,,,,
High Yield,DBMS & SQL,MySQL Specific Concepts,"InnoDB storage engine architecture. Buffer pool, undo log, redo log?",,,,,,,,,,,,
High Yield,DBMS & SQL,MySQL Specific Concepts,Clustered index. Primary key as row identifier?,,,,,,,,,,,,
High Yield,DBMS & SQL,MySQL Specific Concepts,Secondary index. Leaf nodes contain primary key?,,,,,,,,,,,,
High Yield,DBMS & SQL,MySQL Specific Concepts,Redo log vs Undo log. Purpose?,,,,,,,,,,,,
High Yield,DBMS & SQL,MySQL Specific Concepts,Doublewrite buffer. Crash safety?,,,,,,,,,,,,
High Yield,DBMS & SQL,MySQL Specific Concepts,Innodb_flush_log_at_trx_commit. Durability vs performance?,,,,,,,,,,,,
High Yield,DBMS & SQL,MySQL Specific Concepts,Adaptive hash index. Automatic optimization?,,,,,,,,,,,,
High Yield,DBMS & SQL,MySQL Specific Concepts,Insert buffer (Change buffer). Performance benefit?,,,,,,,,,,,,
High Yield,DBMS & SQL,MySQL Specific Concepts,Purge thread. Garbage collection of old versions?,,,,,,,,,,,,
High Yield,DBMS & SQL,MySQL Specific Concepts,Lock monitor. Deadlock detection?,,,,,,,,,,,,
High Yield,DBMS & SQL,MySQL Specific Concepts,"MySQL 8.0 features. Window functions, JSON improvements, CTE?",,,,,,,,,,,,
High Yield,DBMS & SQL,MySQL Specific Concepts,Instant DDL. Online schema changes?,,,,,,,,,,,,
High Yield,DBMS & SQL,Connection & Resource Management,Connection pooling. min/max size tuning?,,,,,,,,,,,,
High Yield,DBMS & SQL,Connection & Resource Management,max_connections limit. Planning capacity?,,,,,,,,,,,,
High Yield,DBMS & SQL,Connection & Resource Management,Connection timeout configuration?,,,,,,,,,,,,
High Yield,DBMS & SQL,Connection & Resource Management,Idle connection cleanup?,,,,,,,,,,,,
High Yield,DBMS & SQL,Connection & Resource Management,Thread pool plugin benefits?,,,,,,,,,,,,
High Yield,DBMS & SQL,Connection & Resource Management,Query timeout. Statement execution time limit?,,,,,,,,,,,,
High Yield,DBMS & SQL,Connection & Resource Management,max_allowed_packet. Large query/result handling?,,,,,,,,,,,,
High Yield,DBMS & SQL,Administration & Monitoring,Database monitoring. Key metrics?,,,,,,,,,,,,
High Yield,DBMS & SQL,Administration & Monitoring,Slow query log. Threshold tuning? Analysis?,,,,,,,,,,,,
High Yield,DBMS & SQL,Administration & Monitoring,Performance schema. Detailed instrumentation?,,,,,,,,,,,,
High Yield,DBMS & SQL,Administration & Monitoring,SHOW PROCESSLIST. Active query monitoring?,,,,,,,,,,,,
High Yield,DBMS & SQL,Administration & Monitoring,SHOW STATUS. Performance counters?,,,,,,,,,,,,
High Yield,DBMS & SQL,Administration & Monitoring,InnoDB status. Lock & transaction monitoring?,,,,,,,,,,,,
High Yield,DBMS & SQL,Administration & Monitoring,Disk I/O monitoring. iostat interpretation?,,,,,,,,,,,,
High Yield,DBMS & SQL,Administration & Monitoring,CPU usage analysis. Query profiling?,,,,,,,,,,,,
High Yield,DBMS & SQL,Administration & Monitoring,"Memory usage tuning. Buffer pool, query cache?",,,,,,,,,,,,
High Yield,DBMS & SQL,Administration & Monitoring,Storage space management. Tablespace growth?,,,,,,,,,,,,
High Yield,DBMS & SQL,Administration & Monitoring,User privilege management. Principle of least privilege?,,,,,,,,,,,,
High Yield,DBMS & SQL,Administration & Monitoring,"Parameter tuning: innodb_buffer_pool_size, max_connections, query_cache_size?",,,,,,,,,,,,
High Yield,DBMS & SQL,Security,Authentication. User password policies?,,,,,,,,,,,,
High Yield,DBMS & SQL,Security,Authorization. Column & row-level security?,,,,,,,,,,,,
High Yield,DBMS & SQL,Security,SQL injection prevention. Prepared statements?,,,,,,,,,,,,
High Yield,DBMS & SQL,Security,Data encryption at rest. Encrypted tablespaces?,,,,,,,,,,,,
High Yield,DBMS & SQL,Security,Encryption in transit. SSL/TLS configuration?,,,,,,,,,,,,
High Yield,DBMS & SQL,Security,Audit logging. Who accessed what?,,,,,,,,,,,,
High Yield,DBMS & SQL,Security,Least privilege principle. Role-based access?,,,,,,,,,,,,
High Yield,DBMS & SQL,Security,Password hashing. Storage mechanism?,,,,,,,,,,,,
High Yield,DBMS & SQL,Advanced SQL,"Window functions: ROW_NUMBER, RANK, DENSE_RANK, LAG, LEAD. Real use cases?",,,,,,,,,,,,
High Yield,DBMS & SQL,Advanced SQL,Common table expression (CTE). WITH clause. Recursive CTE?,,,,,,,,,,,,
High Yield,DBMS & SQL,Advanced SQL,Derived tables vs CTE performance?,,,,,,,,,,,,
High Yield,DBMS & SQL,Advanced SQL,CASE statements. Complex conditional logic?,,,,,,,,,,,,
High Yield,DBMS & SQL,Advanced SQL,Stored procedures. When avoid? Performance?,,,,,,,,,,,,
High Yield,DBMS & SQL,Advanced SQL,Triggers. Use cases & dangers?,,,,,,,,,,,,
High Yield,DBMS & SQL,Advanced SQL,Views. Updatable views. Materialized view simulation?,,,,,,,,,,,,
High Yield,DBMS & SQL,Advanced SQL,Cursor. Performance implications?,,,,,,,,,,,,
High Yield,DBMS & SQL,Advanced SQL,Aggregate window functions. Cumulative sums?,,,,,,,,,,,,
High Yield,DBMS & SQL,JSON Handling,JSON columns in MySQL 5.7+. Data type?,,,,,,,,,,,,
High Yield,DBMS & SQL,JSON Handling,"JSON functions: JSON_EXTRACT, JSON_SET, JSON_ARRAY_APPEND?",,,,,,,,,,,,
High Yield,DBMS & SQL,JSON Handling,JSON path syntax. Nested access?,,,,,,,,,,,,
High Yield,DBMS & SQL,JSON Handling,JSON indexing. Generated columns for performance?,,,,,,,,,,,,
High Yield,DBMS & SQL,JSON Handling,JSON vs Relational normalization. When JSON?,,,,,,,,,,,,
High Yield,DBMS & SQL,JSON Handling,JSON query performance optimization?,,,,,,,,,,,,
High Yield,DBMS & SQL,Partitioning & Sharding,Table partitioning. Range vs List vs Hash vs Key. Performance benefit?,,,,,,,,,,,,
High Yield,DBMS & SQL,Partitioning & Sharding,Partition pruning. Query optimization?,,,,,,,,,,,,
High Yield,DBMS & SQL,Partitioning & Sharding,Subpartitioning. Hierarchical partitioning?,,,,,,,,,,,,
High Yield,DBMS & SQL,Partitioning & Sharding,Maintenance operations on partitions. Backup?,,,,,,,,,,,,
High Yield,DBMS & SQL,Partitioning & Sharding,Horizontal sharding. Shard key selection?,,,,,,,,,,,,
High Yield,DBMS & SQL,Partitioning & Sharding,Shard-based query routing. Complexity?,,,,,,,,,,,,
High Yield,DBMS & SQL,Partitioning & Sharding,Hot shard problem. Mitigation?,,,,,,,,,,,,
High Yield,DBMS & SQL,Partitioning & Sharding,Cross-shard joins. Distributed query complexity?,,,,,,,,,,,,
High Yield,DBMS & SQL,Partitioning & Sharding,Shard rebalancing. Data migration?,,,,,,,,,,,,
High Yield,ANGULAR,Angular Core & Fundamentals,"Angular architecture. Components, Services, Modules, DI container?",,,,,,,,,,,,
High Yield,ANGULAR,Angular Core & Fundamentals,Module bootstrap process. Root module to app initialization?,,,,,,,,,,,,
High Yield,ANGULAR,Angular Core & Fundamentals,NgModule vs Standalone components. When each? Migration strategy?,,,,,,,,,,,,
High Yield,ANGULAR,Angular Core & Fundamentals,Lazy loading modules. Route-based code splitting?,,,,,,,,,,,,
High Yield,ANGULAR,Angular Core & Fundamentals,Feature modules vs Shared modules. Organization patterns?,,,,,,,,,,,,
High Yield,ANGULAR,Angular Core & Fundamentals,Barrel exports. Import path simplification?,,,,,,,,,,,,
High Yield,ANGULAR,Angular Core & Fundamentals,Dependency Injection. Hierarchical injector? Provider scopes?,,,,,,,,,,,,
High Yield,ANGULAR,Angular Core & Fundamentals,@Injectable() with providedIn. Tree-shaking benefit?,,,,,,,,,,,,
High Yield,ANGULAR,Angular Core & Fundamentals,InjectionToken for type-safe DI. Real-world use case?,,,,,,,,,,,,
High Yield,ANGULAR,Angular Core & Fundamentals,Lifecycle hooks: constructor vs ngOnInit vs ngAfterViewInit. Execution order?,,,,,,,,,,,,
High Yield,ANGULAR,Angular Core & Fundamentals,AfterViewInit for @ViewChild access. Why not in ngOnInit?,,,,,,,,,,,,
High Yield,ANGULAR,Angular Core & Fundamentals,ngOnDestroy. Memory leak prevention?,,,,,,,,,,,,
High Yield,ANGULAR,Angular Core & Fundamentals,ChangeDetectionStrategy.OnPush. When use? Performance impact?,,,,,,,,,,,,
High Yield,ANGULAR,Angular Core & Fundamentals,Change detection cycle. Why manual detectChanges() sometimes needed?,,,,,,,,,,,,
High Yield,ANGULAR,Angular Core & Fundamentals,ExpressionChangedAfterCheckError. Cause? Debug strategy?,,,,,,,,,,,,
High Yield,ANGULAR,Components & Templates,"Component decorator. selector, template, templateUrl, styles, styleUrls?",,,,,,,,,,,,
High Yield,ANGULAR,Components & Templates,"Template binding: interpolation, property binding, event binding, two-way binding?",,,,,,,,,,,,
High Yield,ANGULAR,Components & Templates,"[property]=""value"" vs {{value}}. DOM property vs Angular binding?",,,,,,,,,,,,
High Yield,ANGULAR,Components & Templates,"(event)=""handler()"" vs @HostListener. When each?",,,,,,,,,,,,
High Yield,ANGULAR,Components & Templates,Banana-in-a-box [()]. Two-way binding mechanics?,,,,,,,,,,,,
High Yield,ANGULAR,Components & Templates,$event object. Native DOM event vs Angular synthetic event?,,,,,,,,,,,,
High Yield,ANGULAR,Components & Templates,@Input vs @Output. Parent-child communication?,,,,,,,,,,,,
High Yield,ANGULAR,Components & Templates,@Input setter & getter. Complex input handling?,,,,,,,,,,,,
High Yield,ANGULAR,Components & Templates,@Output EventEmitter. Emit custom events?,,,,,,,,,,,,
High Yield,ANGULAR,Components & Templates,@ViewChild vs @ViewChildren. Timing issues?,,,,,,,,,,,,
High Yield,ANGULAR,Components & Templates,@ContentChild vs @ContentChildren. Projected content access?,,,,,,,,,,,,
High Yield,ANGULAR,Components & Templates,ng-template. Conditional rendering without DOM?,,,,,,,,,,,,
High Yield,ANGULAR,Components & Templates,ng-container. Structural directive wrapper?,,,,,,,,,,,,
High Yield,ANGULAR,Components & Templates,TemplateRef & ViewContainerRef. Dynamic component creation?,,,,,,,,,,,,
High Yield,ANGULAR,Data Binding & Reactivity,Event emitter memory leak. Subscription cleanup?,,,,,,,,,,,,
High Yield,ANGULAR,Data Binding & Reactivity,Safe navigation operator (?.). null/undefined handling?,,,,,,,,,,,,
High Yield,ANGULAR,Data Binding & Reactivity,Async pipe. AutoUnsubscribe? Change detection trigger?,,,,,,,,,,,,
High Yield,ANGULAR,Data Binding & Reactivity,Trackby in *ngFor. Performance for large lists?,,,,,,,,,,,,
High Yield,ANGULAR,Data Binding & Reactivity,*ngIf vs [hidden]. DOM removal vs CSS display?,,,,,,,,,,,,
High Yield,ANGULAR,Data Binding & Reactivity,*ngSwitch. Multiple conditional rendering?,,,,,,,,,,,,
High Yield,ANGULAR,Data Binding & Reactivity,String interpolation with filters. {{ value | currency }}.?,,,,,,,,,,,,
High Yield,ANGULAR,Data Binding & Reactivity,Pipe chaining. Order matters?,,,,,,,,,,,,
High Yield,ANGULAR,Data Binding & Reactivity,Pure vs Impure pipes. Execution frequency?,,,,,,,,,,,,
High Yield,ANGULAR,Data Binding & Reactivity,Custom pipe creation. Real-world example?,,,,,,,,,,,,
High Yield,ANGULAR,Data Binding & Reactivity,ngModel two-way binding. When problematic?,,,,,,,,,,,,
High Yield,ANGULAR,Directives,"Structural directives: *ngIf, *ngFor, *ngSwitch. Syntax?",,,,,,,,,,,,
High Yield,ANGULAR,Directives,"Attribute directives. @HostBinding, @HostListener?",,,,,,,,,,,,
High Yield,ANGULAR,Directives,Custom directive creation. Real use case?,,,,,,,,,,,,
High Yield,ANGULAR,Directives,"Directive scope. ElementRef, Renderer2?",,,,,,,,,,,,
High Yield,ANGULAR,Directives,Renderer2 vs direct DOM manipulation. Why prefer Renderer2?,,,,,,,,,,,,
High Yield,ANGULAR,Directives,@Directive selector specificity. Matching priority?,,,,,,,,,,,,
High Yield,ANGULAR,Reactive Forms,"ReactiveFormsModule. Form builders, FormControl, FormGroup, FormArray?",,,,,,,,,,,,
High Yield,ANGULAR,Reactive Forms,FormControl vs FormGroup. Nested structures?,,,,,,,,,,,,
High Yield,ANGULAR,Reactive Forms,FormBuilder convenience. Shorthand syntax?,,,,,,,,,,,,
High Yield,ANGULAR,Reactive Forms,FormArray for dynamic fields. Adding/removing controls?,,,,,,,,,,,,
High Yield,ANGULAR,Reactive Forms,"Validators: required, minlength, pattern, custom validators?",,,,,,,,,,,,
High Yield,ANGULAR,Reactive Forms,Cross-field validation. Custom validator spanning multiple fields?,,,,,,,,,,,,
High Yield,ANGULAR,Reactive Forms,Async validators. Server-side validation (username existence)?,,,,,,,,,,,,
High Yield,ANGULAR,Reactive Forms,"Status changes: VALID, INVALID, PENDING. Status tracking?",,,,,,,,,,,,
High Yield,ANGULAR,Reactive Forms,Value changes Observable. Subscription memory leaks?,,,,,,,,,,,,
High Yield,ANGULAR,Reactive Forms,"markAsTouched, markAsDirty. Form state tracking?",,,,,,,,,,,,
High Yield,ANGULAR,Reactive Forms,setValue vs patchValue. Partial updates?,,,,,,,,,,,,
High Yield,ANGULAR,Reactive Forms,Disabled form controls. Excluded from form value?,,,,,,,,,,,,
High Yield,ANGULAR,Reactive Forms,Form value synchronization. Manual vs auto?,,,,,,,,,,,,
High Yield,ANGULAR,Reactive Forms,Form reset. Clearing vs resetting validators?,,,,,,,,,,,,
High Yield,ANGULAR,Reactive Forms,Dynamic form creation. Runtime control generation?,,,,,,,,,,,,
High Yield,ANGULAR,Template-Driven Forms,ngForm & ngModelGroup. Two-way binding?,,,,,,,,,,,,
High Yield,ANGULAR,Template-Driven Forms,"Form validation with template directives. required, minlength, pattern?",,,,,,,,,,,,
High Yield,ANGULAR,Template-Driven Forms,ngModel binding. When to avoid?,,,,,,,,,,,,
High Yield,ANGULAR,Template-Driven Forms,Template-driven vs Reactive forms. Trade-offs?,,,,,,,,,,,,
High Yield,ANGULAR,Services & DI,Service singleton pattern. Provided at root vs component level?,,,,,,,,,,,,
High Yield,ANGULAR,Services & DI,@Injectable() decorator. providedIn: 'root' tree-shaking?,,,,,,,,,,,,
High Yield,ANGULAR,Services & DI,Hierarchical injection. Child component provider override?,,,,,,,,,,,,
High Yield,ANGULAR,Services & DI,Multi-provider. Array of services?,,,,,,,,,,,,
High Yield,ANGULAR,Services & DI,"useClass, useValue, useFactory, useExisting providers?",,,,,,,,,,,,
High Yield,ANGULAR,Services & DI,Factory function for complex initialization?,,,,,,,,,,,,
High Yield,ANGULAR,Services & DI,NgZone. Running outside Angular zone for performance?,,,,,,,,,,,,
High Yield,ANGULAR,Services & DI,ApplicationInitializer. Bootstrap-time initialization?,,,,,,,,,,,,
High Yield,ANGULAR,Services & DI,APP_INITIALIZER. Async data loading before app start?,,,,,,,,,,,,
High Yield,ANGULAR,RxJS & Observables,"Observable creation. of(), from(), interval(), Subject?",,,,,,,,,,,,
High Yield,ANGULAR,RxJS & Observables,Cold observables vs Hot observables. Subscription behavior?,,,,,,,,,,,,
High Yield,ANGULAR,RxJS & Observables,Subject vs BehaviorSubject vs ReplaySubject. Use cases?,,,,,,,,,,,,
High Yield,ANGULAR,RxJS & Observables,Subscription management. Memory leaks from unreleased subscriptions?,,,,,,,,,,,,
High Yield,ANGULAR,RxJS & Observables,"Unsubscribe pattern. takeUntil, async pipe alternatives?",,,,,,,,,,,,
High Yield,ANGULAR,RxJS & Observables,"Operators: map, filter, switchMap, mergeMap, concatMap, exhaustMap?",,,,,,,,,,,,
High Yield,ANGULAR,RxJS & Observables,switchMap vs mergeMap vs concatMap. Concurrency & ordering?,,,,,,,,,,,,
High Yield,ANGULAR,RxJS & Observables,exhaustMap for button clicks. Ignore while processing?,,,,,,,,,,,,
High Yield,ANGULAR,RxJS & Observables,shareReplay operator. Preventing duplicate subscriptions?,,,,,,,,,,,,
High Yield,ANGULAR,RxJS & Observables,share vs shareReplay. When refcount matters?,,,,,,,,,,,,
High Yield,ANGULAR,RxJS & Observables,tap operator. Side effects without transformation?,,,,,,,,,,,,
High Yield,ANGULAR,RxJS & Observables,catchError operator. Error recovery?,,,,,,,,,,,,
High Yield,ANGULAR,RxJS & Observables,retry operator. Exponential backoff with delay?,,,,,,,,,,,,
High Yield,ANGULAR,RxJS & Observables,debounceTime vs throttleTime. User input optimization?,,,,,,,,,,,,
High Yield,ANGULAR,RxJS & Observables,distinctUntilChanged. Duplicate prevention?,,,,,,,,,,,,
High Yield,ANGULAR,RxJS & Observables,combineLatest vs merge vs zip. Multi-stream combination?,,,,,,,,,,,,
High Yield,ANGULAR,RxJS & Observables,forkJoin for parallel requests. All must complete?,,,,,,,,,,,,
High Yield,ANGULAR,RxJS & Observables,Higher-order observables. Flattening operators?,,,,,,,,,,,,
High Yield,ANGULAR,RxJS & Observables,Observable vs Promise. When each?,,,,,,,,,,,,
High Yield,ANGULAR,RxJS & Observables,Async pipe with Observable. Auto-unsubscribe on destroy?,,,,,,,,,,,,
High Yield,ANGULAR,RxJS & Observables,RxJS memory leak scenarios. Detection & prevention?,,,,,,,,,,,,
High Yield,ANGULAR,HTTP & Interceptors,HttpClientModule. Dependency injection?,,,,,,,,,,,,
High Yield,ANGULAR,HTTP & Interceptors,"HttpClient methods: get, post, put, delete. Request/response types?",,,,,,,,,,,,
High Yield,ANGULAR,HTTP & Interceptors,Type-safe HTTP responses. Generic response types?,,,,,,,,,,,,
High Yield,ANGULAR,HTTP & Interceptors,HttpInterceptor. Request/response modification?,,,,,,,,,,,,
High Yield,ANGULAR,HTTP & Interceptors,Interceptor order. Multiple interceptors chaining?,,,,,,,,,,,,
High Yield,ANGULAR,HTTP & Interceptors,Error interceptor. Global error handling?,,,,,,,,,,,,
High Yield,ANGULAR,HTTP & Interceptors,JWT token interceptor. Authorization header injection?,,,,,,,,,,,,
High Yield,ANGULAR,HTTP & Interceptors,Request timeout interceptor. timeout operator?,,,,,,,,,,,,
High Yield,ANGULAR,HTTP & Interceptors,CORS configuration. Preflight requests?,,,,,,,,,,,,
High Yield,ANGULAR,HTTP & Interceptors,Error handling in HTTP calls. HttpErrorResponse?,,,,,,,,,,,,
High Yield,ANGULAR,HTTP & Interceptors,Retry logic. HTTP requests retry on failure?,,,,,,,,,,,,
High Yield,ANGULAR,HTTP & Interceptors,Request cancellation. Unsubscribe vs AbortController?,,,,,,,,,,,,
High Yield,ANGULAR,HTTP & Interceptors,Response caching. HTTP caching vs application caching?,,,,,,,,,,,,
High Yield,ANGULAR,Routing & Navigation,RouterModule & Routes configuration. Path matching?,,,,,,,,,,,,
High Yield,ANGULAR,Routing & Navigation,Router.navigate vs Router.navigateByUrl. Difference?,,,,,,,,,,,,
High Yield,ANGULAR,Routing & Navigation,Route parameters: path params vs query params?,,,,,,,,,,,,
High Yield,ANGULAR,Routing & Navigation,ParamMap vs QueryParamMap. Subscription vs snapshot?,,,,,,,,,,,,
High Yield,ANGULAR,Routing & Navigation,Lazy loading routes. loadChildren. Code splitting?,,,,,,,,,,,,
High Yield,ANGULAR,Routing & Navigation,"Route guards: CanActivate, CanActivateChild, CanDeactivate. Protection?",,,,,,,,,,,,
High Yield,ANGULAR,Routing & Navigation,CanDeactivate for unsaved changes warning. UX consideration?,,,,,,,,,,,,
High Yield,ANGULAR,Routing & Navigation,Resolve guard. Pre-loading data before component creation?,,,,,,,,,,,,
High Yield,ANGULAR,Routing & Navigation,"Router events. NavigationStart, NavigationEnd, NavigationError?",,,,,,,,,,,,
High Yield,ANGULAR,Routing & Navigation,RouteReuseStrategy. Caching component state across routes?,,,,,,,,,,,,
High Yield,ANGULAR,Routing & Navigation,Wildcard route. 404 handling?,,,,,,,,,,,,
High Yield,ANGULAR,Routing & Navigation,Router preloading strategy. PreloadAllModules vs custom?,,,,,,,,,,,,
High Yield,ANGULAR,Routing & Navigation,AuthGuard implementation. Protected routes?,,,,,,,,,,,,
High Yield,ANGULAR,Routing & Navigation,Redirect routes. redirectTo parameter?,,,,,,,,,,,,
High Yield,ANGULAR,Routing & Navigation,Router state. ActivatedRoute vs ActivatedRouteSnapshot?,,,,,,,,,,,,
High Yield,ANGULAR,NgRx,"Redux pattern in Angular. Actions, Reducers, Effects, Selectors?",,,,,,,,,,,,
High Yield,ANGULAR,NgRx,Action creators. Typed actions?,,,,,,,,,,,,
High Yield,ANGULAR,NgRx,Reducer pure functions. State immutability?,,,,,,,,,,,,
High Yield,ANGULAR,NgRx,Effects for side effects. ofType operator for action filtering?,,,,,,,,,,,,
High Yield,ANGULAR,NgRx,mergeMap vs switchMap vs concatMap in effects. Concurrency handling?,,,,,,,,,,,,
High Yield,ANGULAR,NgRx,Selectors. Memoization? createSelector?,,,,,,,,,,,,
High Yield,ANGULAR,NgRx,Feature store. Store composition?,,,,,,,,,,,,
High Yield,ANGULAR,NgRx,Store devtools. Time-travel debugging?,,,,,,,,,,,,
High Yield,ANGULAR,NgRx,Entity adapter. Normalized state management?,,,,,,,,,,,,
High Yield,ANGULAR,NgRx,Facade service. Abstraction over store?,,,,,,,,,,,,
High Yield,ANGULAR,Alternative State Management,Akita vs NgRx. When simpler approach?,,,,,,,,,,,,
High Yield,ANGULAR,Alternative State Management,RxJS only state management. BehaviorSubject pattern?,,,,,,,,,,,,
High Yield,ANGULAR,Alternative State Management,State management with signals (Angular 16+)?,,,,,,,,,,,,
High Yield,ANGULAR,Change Detection & Performance,OnPush change detection strategy. Performance optimization?,,,,,,,,,,,,
High Yield,ANGULAR,Change Detection & Performance,Default change detection. Checking all components on events?,,,,,,,,,,,,
High Yield,ANGULAR,Change Detection & Performance,Angular Zone. Running outside zone for performance?,,,,,,,,,,,,
High Yield,ANGULAR,Change Detection & Performance,ChangeDetectorRef.detectChanges(). Manual change detection?,,,,,,,,,,,,
High Yield,ANGULAR,Change Detection & Performance,ChangeDetectorRef.detach(). Disable change detection?,,,,,,,,,,,,
High Yield,ANGULAR,Change Detection & Performance,ExpressionChangedAfterCheckError. Debugging?,,,,,,,,,,,,
High Yield,ANGULAR,Change Detection & Performance,Micro-tasks & macro-tasks. Zone.js interaction?,,,,,,,,,,,,
High Yield,ANGULAR,Change Detection & Performance,Performance profiling. Chrome DevTools Angular plugin?,,,,,,,,,,,,
High Yield,ANGULAR,Change Detection & Performance,Virtual scrolling. Large lists performance?,,,,,,,,,,,,
High Yield,ANGULAR,Change Detection & Performance,Unidirectional data flow. Predictability?,,,,,,,,,,,,
High Yield,ANGULAR,Change Detection & Performance,Memory profiling in Angular apps. Heap dumps?,,,,,,,,,,,,
High Yield,ANGULAR,Change Detection & Performance,Component reuse. trackBy in loops?,,,,,,,,,,,,
High Yield,ANGULAR,Forms Validation & Custom Validators,"Built-in validators: Validators.required, Validators.minLength?",,,,,,,,,,,,
High Yield,ANGULAR,Forms Validation & Custom Validators,Async validator: AsyncValidators.uniqueUsername()?,,,,,,,,,,,,
High Yield,ANGULAR,Forms Validation & Custom Validators,Custom validator function. ValidationError object?,,,,,,,,,,,,
High Yield,ANGULAR,Forms Validation & Custom Validators,Cross-field validation. Validator on FormGroup?,,,,,,,,,,,,
High Yield,ANGULAR,Forms Validation & Custom Validators,Conditional validation. Enable/disable validators dynamically?,,,,,,,,,,,,
High Yield,ANGULAR,Forms Validation & Custom Validators,Validator composition. Multiple validators on single control?,,,,,,,,,,,,
High Yield,ANGULAR,Forms Validation & Custom Validators,Error message display. Error object structure?,,,,,,,,,,,,
High Yield,ANGULAR,Forms Validation & Custom Validators,"Touched, dirty, pristine states. Form state tracking?",,,,,,,,,,,,
High Yield,ANGULAR,Forms Validation & Custom Validators,Form reset. Clearing errors?,,,,,,,,,,,,
High Yield,ANGULAR,Testing,TestBed setup. ComponentFixture?,,,,,,,,,,,,
High Yield,ANGULAR,Testing,@Component as test helper. Minimal test component?,,,,,,,,,,,,
High Yield,ANGULAR,Testing,fixture.detectChanges(). Manual change detection?,,,,,,,,,,,,
High Yield,ANGULAR,Testing,fixture.debugElement. DOM element access?,,,,,,,,,,,,
High Yield,ANGULAR,Testing,DebugElement vs HTMLElement. Angular vs native?,,,,,,,,,,,,
High Yield,ANGULAR,Testing,ComponentFixture.whenStable(). Async operations?,,,,,,,,,,,,
High Yield,ANGULAR,Testing,HttpTestingController. HTTP request mocking?,,,,,,,,,,,,
High Yield,ANGULAR,Testing,MockService vs Spy. When each?,,,,,,,,,,,,
High Yield,ANGULAR,Testing,@Input/@Output testing. Direct property vs event testing?,,,,,,,,,,,,
High Yield,ANGULAR,Testing,"Template testing. Click events, input changes?",,,,,,,,,,,,
High Yield,ANGULAR,Testing,Directive testing. Host component pattern?,,,,,,,,,,,,
High Yield,ANGULAR,Testing,Service testing. Dependency injection?,,,,,,,,,,,,
High Yield,ANGULAR,Testing,Observable testing. marble testing with jasmine-marbles?,,,,,,,,,,,,
High Yield,ANGULAR,Testing,fakeAsync & tick. Async time progression?,,,,,,,,,,,,
High Yield,ANGULAR,Testing,async helper. Promise-based async testing?,,,,,,,,,,,,
High Yield,ANGULAR,Testing,waitForAsync. Latest async helper (Angular 12+)?,,,,,,,,,,,,
High Yield,ANGULAR,Testing,E2E testing with Cypress vs Protractor. Protractor deprecated?,,,,,,,,,,,,
High Yield,ANGULAR,Testing,Component integration testing. Full feature testing?,,,,,,,,,,,,
High Yield,ANGULAR,Testing,Code coverage. Target percentage?,,,,,,,,,,,,
High Yield,ANGULAR,TypeScript & Type Safety,"Generic types in Angular. Generic components, services?",,,,,,,,,,,,
High Yield,ANGULAR,TypeScript & Type Safety,"Strict mode. strictNullChecks, strictFunctionTypes implications?",,,,,,,,,,,,
High Yield,ANGULAR,TypeScript & Type Safety,"Type guards. instanceof, in operator, user-defined type guards?",,,,,,,,,,,,
High Yield,ANGULAR,TypeScript & Type Safety,Discriminated unions. Type narrowing?,,,,,,,,,,,,
High Yield,ANGULAR,TypeScript & Type Safety,"Utility types: Partial, Pick, Omit, Record, Readonly?",,,,,,,,,,,,
High Yield,ANGULAR,TypeScript & Type Safety,keyof operator. Type-safe object keys?,,,,,,,,,,,,
High Yield,ANGULAR,TypeScript & Type Safety,Conditional types. Advanced type logic?,,,,,,,,,,,,
High Yield,ANGULAR,TypeScript & Type Safety,Type inference. Avoiding explicit type annotations?,,,,,,,,,,,,
High Yield,ANGULAR,TypeScript & Type Safety,Interface vs Type alias. When each?,,,,,,,,,,,,
High Yield,ANGULAR,TypeScript & Type Safety,Readonly properties. Immutability enforcement?,,,,,,,,,,,,
High Yield,ANGULAR,Signals & New Features (Angular 16+),Signals primitive. Reactivity without Observables?,,,,,,,,,,,,
High Yield,ANGULAR,Signals & New Features (Angular 16+),computed() signals. Derived state?,,,,,,,,,,,,
High Yield,ANGULAR,Signals & New Features (Angular 16+),effect() for side effects. Auto-tracking dependencies?,,,,,,,,,,,,
High Yield,ANGULAR,Signals & New Features (Angular 16+),Signal vs Observable. When each?,,,,,,,,,,,,
High Yield,ANGULAR,Signals & New Features (Angular 16+),Input signal. @Input migration path?,,,,,,,,,,,,
High Yield,ANGULAR,Signals & New Features (Angular 16+),Output signal. @Output alternative?,,,,,,,,,,,,
High Yield,ANGULAR,Signals & New Features (Angular 16+),Signal-based change detection. Impact on performance?,,,,,,,,,,,,
High Yield,ANGULAR,Signals & New Features (Angular 16+),Standalone components. Module-less components?,,,,,,,,,,,,
High Yield,ANGULAR,Signals & New Features (Angular 16+),Functional bootstrapping. bootstrapApplication()?,,,,,,,,,,,,
High Yield,ANGULAR,Signals & New Features (Angular 16+),Functional route guards. providersIn route config?,,,,,,,,,,,,
High Yield,ANGULAR,Advanced Concepts,Custom elements (Web Components) in Angular?,,,,,,,,,,,,
High Yield,ANGULAR,Advanced Concepts,ElementRef vs TemplateRef vs ViewContainerRef. Component rendering?,,,,,,,,,,,,
High Yield,ANGULAR,Advanced Concepts,Projecting content. ng-content with selectors?,,,,,,,,,,,,
High Yield,ANGULAR,Advanced Concepts,Multi-slot content projection. Complex scenarios?,,,,,,,,,,,,
High Yield,ANGULAR,Advanced Concepts,Dynamic component creation. ComponentFactoryResolver (deprecated in Angular 13)?,,,,,,,,,,,,
High Yield,ANGULAR,Advanced Concepts,ComponentRef. Dynamic component lifecycle?,,,,,,,,,,,,
High Yield,ANGULAR,Advanced Concepts,ViewContainerRef.createComponent(). Manual insertion?,,,,,,,,,,,,
High Yield,ANGULAR,Advanced Concepts,Portal components. Material CDK?,,,,,,,,,,,,
High Yield,ANGULAR,Advanced Concepts,Custom animations. @angular/animations?,,,,,,,,,,,,
High Yield,ANGULAR,Advanced Concepts,Transition state machine. Animation triggers?,,,,,,,,,,,,
High Yield,ANGULAR,Advanced Concepts,Reusable animations. animation definitions?,,,,,,,,,,,,
High Yield,ANGULAR,Advanced Concepts,i18n localization. ngx-translate?,,,,,,,,,,,,
High Yield,ANGULAR,Advanced Concepts,Multi-language support. LOCALE_ID provider?,,,,,,,,,,,,
High Yield,ANGULAR,Performance Optimization,Bundle size analysis. webpack-bundle-analyzer?,,,,,,,,,,,,
High Yield,ANGULAR,Performance Optimization,Tree shaking. providedIn: 'root' for unused services?,,,,,,,,,,,,
High Yield,ANGULAR,Performance Optimization,Lazy loading. Code splitting by route?,,,,,,,,,,,,
High Yield,ANGULAR,Performance Optimization,Preloading strategy. Custom preload logic?,,,,,,,,,,,,
High Yield,ANGULAR,Performance Optimization,"Image optimization. WebP, responsive images?",,,,,,,,,,,,
High Yield,ANGULAR,Performance Optimization,"Compression. gzip, brotli?",,,,,,,,,,,,
High Yield,ANGULAR,Performance Optimization,Minification. Production build optimization?,,,,,,,,,,,,
High Yield,ANGULAR,Performance Optimization,AOT compilation. Ahead-of-time vs Just-in-time?,,,,,,,,,,,,
High Yield,ANGULAR,Performance Optimization,Differential loading. Polyfill distribution?,,,,,,,,,,,,
High Yield,ANGULAR,Performance Optimization,Virtual scrolling for large lists. CDK ScrollingModule?,,,,,,,,,,,,
High Yield,ANGULAR,Performance Optimization,Infinite scroll. Pagination vs scroll-to-load?,,,,,,,,,,,,
High Yield,ANGULAR,Performance Optimization,Memoization in selectors. createSelector?,,,,,,,,,,,,
High Yield,ANGULAR,Performance Optimization,OnPush change detection at scale. Impact on large apps?,,,,,,,,,,,,
High Yield,ANGULAR,Performance Optimization,Web Workers. CPU-intensive operations?,,,,,,,,,,,,
High Yield,ANGULAR,Performance Optimization,"Service Workers. Offline support, caching?",,,,,,,,,,,,
High Yield,ANGULAR,Performance Optimization,Caching strategies. Cache-first vs network-first?,,,,,,,,,,,,
High Yield,ANGULAR,Security,XSS prevention. Sanitization with DomSanitizer?,,,,,,,,,,,,
High Yield,ANGULAR,Security,bypassSecurityTrustHtml. When use? Risks?,,,,,,,,,,,,
High Yield,ANGULAR,Security,Template injection. Safe vs unsafe?,,,,,,,,,,,,
High Yield,ANGULAR,Security,CSRF token handling. HttpInterceptor?,,,,,,,,,,,,
High Yield,ANGULAR,Security,Content Security Policy (CSP). Configuration?,,,,,,,,,,,,
High Yield,ANGULAR,Security,CORS. Proxy in development?,,,,,,,,,,,,
High Yield,ANGULAR,Security,Authentication token storage. LocalStorage vs SessionStorage vs Cookies?,,,,,,,,,,,,
High Yield,ANGULAR,Security,JWT token refresh. Automatic refresh mechanism?,,,,,,,,,,,,
High Yield,ANGULAR,Security,HttpOnly cookies. HttpInterceptor prevention?,,,,,,,,,,,,
High Yield,ANGULAR,Security,Dependency vulnerabilities. npm audit?,,,,,,,,,,,,
High Yield,ANGULAR,Server-Side Rendering (SSR),Angular Universal. Server-side rendering benefits?,,,,,,,,,,,,
High Yield,ANGULAR,Server-Side Rendering (SSR),Hydration. Server-sent HTML reuse in client?,,,,,,,,,,,,
High Yield,ANGULAR,Server-Side Rendering (SSR),HTTP request handling on server. transferState?,,,,,,,,,,,,
High Yield,ANGULAR,Server-Side Rendering (SSR),Relative paths. Server vs client URL differences?,,,,,,,,,,,,
High Yield,ANGULAR,Server-Side Rendering (SSR),Zone.js on server. Event handling?,,,,,,,,,,,,
High Yield,ANGULAR,Server-Side Rendering (SSR),Build process. npm run build:ssr?,,,,,,,,,,,,
High Yield,ANGULAR,Server-Side Rendering (SSR),Performance metrics. First Contentful Paint (FCP) improvement?,,,,,,,,,,,,
High Yield,ANGULAR,Server-Side Rendering (SSR),SEO benefits. Meta tags server-rendered?,,,,,,,,,,,,
High Yield,ANGULAR,Build & Deployment,Angular CLI. Code generation (ng generate)?,,,,,,,,,,,,
High Yield,ANGULAR,Build & Deployment,ng build configuration. production vs development?,,,,,,,,,,,,
High Yield,ANGULAR,Build & Deployment,Angular.json configuration. Build options?,,,,,,,,,,,,
High Yield,ANGULAR,Build & Deployment,Environment files. environment.ts vs environment.prod.ts?,,,,,,,,,,,,
High Yield,ANGULAR,Build & Deployment,Source maps. Debugging production builds?,,,,,,,,,,,,
High Yield,ANGULAR,Build & Deployment,Budget limits. Bundle size thresholds?,,,,,,,,,,,,
High Yield,ANGULAR,Build & Deployment,Docker containerization. Nginx reverse proxy?,,,,,,,,,,,,
High Yield,ANGULAR,Build & Deployment,"CI/CD pipeline integration. GitHub Actions, Jenkins?",,,,,,,,,,,,
High Yield,ANGULAR,Build & Deployment,Progressive Web App (PWA). @angular/pwa?,,,,,,,,,,,,
High Yield,ANGULAR,Build & Deployment,Service Worker configuration. Cache strategies?,,,,,,,,,,,,
High Yield,ANGULAR,Build & Deployment,Update strategies. ng update for dependencies?,,,,,,,,,,,,
High Yield,ANGULAR,Monorepo & Scalability,Nx monorepo. Workspace management?,,,,,,,,,,,,
High Yield,ANGULAR,Monorepo & Scalability,Shared libraries. Code reuse across projects?,,,,,,,,,,,,
High Yield,ANGULAR,Monorepo & Scalability,Feature library organization. Barrel exports?,,,,,,,,,,,,
High Yield,ANGULAR,Monorepo & Scalability,Core library. Singleton services?,,,,,,,,,,,,
High Yield,ANGULAR,Monorepo & Scalability,Lint rules. Enforcing architecture?,,,,,,,,,,,,
High Yield,ANGULAR,Monorepo & Scalability,Scalability patterns for large teams. Micro front-ends?,,,,,,,,,,,,
High Yield,ANGULAR,Common Patterns & Anti-Patterns,Smart vs Dumb components. Container vs presentational?,,,,,,,,,,,,
High Yield,ANGULAR,Common Patterns & Anti-Patterns,Facade service pattern. Simplifying component interaction with store?,,,,,,,,,,,,
High Yield,ANGULAR,Common Patterns & Anti-Patterns,Observable subject pattern. Data flow between services?,,,,,,,,,,,,
High Yield,ANGULAR,Common Patterns & Anti-Patterns,Unsubscribe patterns. Memory leak prevention?,,,,,,,,,,,,
High Yield,ANGULAR,Common Patterns & Anti-Patterns,Memory leaks. Subscription cleanup?,,,,,,,,,,,,
High Yield,ANGULAR,Common Patterns & Anti-Patterns,Changing input after initialization. ngOnChanges handling?,,,,,,,,,,,,
High Yield,ANGULAR,Common Patterns & Anti-Patterns,Storing data in component. Stateful components pitfalls?,,,,,,,,,,,,
High Yield,ANGULAR,Common Patterns & Anti-Patterns,Direct DOM manipulation. Why avoid?,,,,,,,,,,,,
High Yield,ANGULAR,Common Patterns & Anti-Patterns,Logic in templates. Moving to component class?,,,,,,,,,,,,
High Yield,ANGULAR,Common Patterns & Anti-Patterns,Heavy components. Breaking into smaller pieces?,,,,,,,,,,,,
High Yield,ANGULAR,Common Patterns & Anti-Patterns,Circular dependencies. Module organization?,,,,,,,,,,,,
High Yield,ANGULAR,Debugging & Tools,Chrome DevTools Angular plugin. Component tree inspection?,,,,,,,,,,,,
High Yield,ANGULAR,Debugging & Tools,"Augury extension. Component hierarchy, dependency graph?",,,,,,,,,,,,
High Yield,ANGULAR,Debugging & Tools,"Angular DevTools. Profiling, performance analysis?",,,,,,,,,,,,
High Yield,ANGULAR,Debugging & Tools,Logging best practices. LoggerService?,,,,,,,,,,,,
High Yield,ANGULAR,Debugging & Tools,Error tracking. Sentry integration?,,,,,,,,,,,,
High Yield,ANGULAR,Debugging & Tools,Network tab. HTTP request inspection?,,,,,,,,,,,,
High Yield,ANGULAR,Debugging & Tools,Performance tab. Flame chart analysis?,,,,,,,,,,,,
High Yield,ANGULAR,Debugging & Tools,Source map debugging. Original TypeScript in browser?,,,,,,,,,,,,
High Yield,ANGULAR,Debugging & Tools,Breakpoints. Conditional breakpoints?,,,,,,,,,,,,
High Yield,KAFKA,Kafka Fundamentals & Architecture,"Kafka architecture. Brokers, topics, partitions, consumer groups, Zookeeper (deprecated)?",,,,,,,,,,,,
High Yield,KAFKA,Kafka Fundamentals & Architecture,KRaft mode. Zookeeper replacement. Benefits?,,,,,,,,,,,,
High Yield,KAFKA,Kafka Fundamentals & Architecture,Topic vs Partition. Data distribution? Replication?,,,,,,,,,,,,
High Yield,KAFKA,Kafka Fundamentals & Architecture,Leader vs Follower replicas. ISR (In-Sync Replicas)?,,,,,,,,,,,,
High Yield,KAFKA,Kafka Fundamentals & Architecture,Replication factor. Availability vs durability vs storage cost?,,,,,,,,,,,,
High Yield,KAFKA,Kafka Fundamentals & Architecture,Min in-sync replicas (min.insync.replicas). Durability guarantee?,,,,,,,,,,,,
High Yield,KAFKA,Kafka Fundamentals & Architecture,Broker failure handling. Leader election. Data consistency?,,,,,,,,,,,,
High Yield,KAFKA,Kafka Fundamentals & Architecture,Partition leadership election. Controller role?,,,,,,,,,,,,
High Yield,KAFKA,Kafka Fundamentals & Architecture,Committed offset. Consumer group position tracking?,,,,,,,,,,,,
High Yield,KAFKA,Kafka Fundamentals & Architecture,__consumer_offsets topic. Offset storage?,,,,,,,,,,,,
High Yield,KAFKA,Producers,"Producer architecture. Batching, compression, partitioning?",,,,,,,,,,,,
High Yield,KAFKA,Producers,Partitioner logic. Key-based vs round-robin distribution?,,,,,,,,,,,,
High Yield,KAFKA,Producers,Custom partitioner. Real-world use case?,,,,,,,,,,,,
High Yield,KAFKA,Producers,acks setting: 0 vs 1 vs all. Durability vs latency?,,,,,,,,,,,,
High Yield,KAFKA,Producers,Retries & backoff. Idempotent producer?,,,,,,,,,,,,
High Yield,KAFKA,Producers,Idempotent producer. Exactly-once semantics at producer level?,,,,,,,,,,,,
High Yield,KAFKA,Producers,Transactional producer. ACID guarantees across partitions?,,,,,,,,,,,,
High Yield,KAFKA,Producers,Compression algorithms: snappy vs lz4 vs gzip vs zstd. Trade-offs?,,,,,,,,,,,,
High Yield,KAFKA,Producers,Buffer memory management. max.block.ms timeout?,,,,,,,,,,,,
High Yield,KAFKA,Producers,Batch size tuning. Throughput vs latency?,,,,,,,,,,,,
High Yield,KAFKA,Producers,Linger.ms. Waiting for batching?,,,,,,,,,,,,
High Yield,KAFKA,Producers,Send callback handling. Asynchronous vs synchronous?,,,,,,,,,,,,
High Yield,KAFKA,Producers,Schema registry integration. Avro serialization?,,,,,,,,,,,,
High Yield,KAFKA,Consumers,"Consumer group. Parallel processing, scalability?",,,,,,,,,,,,
High Yield,KAFKA,Consumers,Rebalancing. Eager vs cooperative rebalancing?,,,,,,,,,,,,
High Yield,KAFKA,Consumers,Group coordinator. Rebalancing orchestration?,,,,,,,,,,,,
High Yield,KAFKA,Consumers,Consumer lag. Monitoring metric?,,,,,,,,,,,,
High Yield,KAFKA,Consumers,Offset management. auto.offset.reset behavior?,,,,,,,,,,,,
High Yield,KAFKA,Consumers,earliest vs latest vs none offset reset. Recovery scenarios?,,,,,,,,,,,,
High Yield,KAFKA,Consumers,enable.auto.commit. Manual vs automatic commit?,,,,,,,,,,,,
High Yield,KAFKA,Consumers,Commit offset timing. Performance vs consistency?,,,,,,,,,,,,
High Yield,KAFKA,Consumers,Seek & reset. Moving consumer offset?,,,,,,,,,,,,
High Yield,KAFKA,Consumers,Consumer retention. How long can consumer fall behind?,,,,,,,,,,,,
High Yield,KAFKA,Consumers,Pause & resume. Flow control?,,,,,,,,,,,,
High Yield,KAFKA,Consumers,Consumer threads. Single-threaded consumer pattern?,,,,,,,,,,,,
High Yield,KAFKA,Consumers,Thread safety. Consumer not thread-safe. Scaling pattern?,,,,,,,,,,,,
High Yield,KAFKA,Consumers,"Heartbeat mechanism. session.timeout.ms, heartbeat.interval.ms?",,,,,,,,,,,,
High Yield,KAFKA,Consumers,Max poll interval. Processing time limit?,,,,,,,,,,,,
High Yield,KAFKA,Consumers,Fetch size tuning. Large message handling?,,,,,,,,,,,,
High Yield,KAFKA,Topics & Partitions,Partition count. Throughput vs complexity trade-off?,,,,,,,,,,,,
High Yield,KAFKA,Topics & Partitions,Changing partition count. Rebalancing impact?,,,,,,,,,,,,
High Yield,KAFKA,Topics & Partitions,Partition assignment strategy. Range vs Round-robin vs Sticky vs Cooperative Sticky?,,,,,,,,,,,,
High Yield,KAFKA,Topics & Partitions,Sticky assignment. Minimizing partition movement?,,,,,,,,,,,,
High Yield,KAFKA,Topics & Partitions,Retention policy: time vs size vs compact. Cleanup policies?,,,,,,,,,,,,
High Yield,KAFKA,Topics & Partitions,Log compaction. Snapshot semantics for state topics?,,,,,,,,,,,,
High Yield,KAFKA,Topics & Partitions,Segment management. Disk I/O optimization?,,,,,,,,,,,,
High Yield,KAFKA,Topics & Partitions,"Message ordering. Guarantees per partition, not topic?",,,,,,,,,,,,
High Yield,KAFKA,Topics & Partitions,Exactly-once delivery. Producer + consumer idempotence?,,,,,,,,,,,,
High Yield,KAFKA,Reliability & Durability,min.insync.replicas impact. Unclean leader election?,,,,,,,,,,,,
High Yield,KAFKA,Reliability & Durability,Acknowledgments for durability. acks=all latency cost?,,,,,,,,,,,,
High Yield,KAFKA,Reliability & Durability,Durability vs Latency trade-off. Tuning for use case?,,,,,,,,,,,,
High Yield,KAFKA,Reliability & Durability,Message ordering guarantees. Single partition requirement?,,,,,,,,,,,,
High Yield,KAFKA,Reliability & Durability,Exactly-once semantics (EOS). Producer idempotence + consumer offset atomicity?,,,,,,,,,,,,
High Yield,KAFKA,Reliability & Durability,Transactional reads. Reading uncommitted messages?,,,,,,,,,,,,
High Yield,KAFKA,Reliability & Durability,Isolation levels: read_uncommitted vs read_committed?,,,,,,,,,,,,
High Yield,KAFKA,Reliability & Durability,Exactly-once in stream processing. Transactions with state stores?,,,,,,,,,,,,
High Yield,KAFKA,Performance & Optimization,"Throughput optimization. Batching, compression, partition count?",,,,,,,,,,,,
High Yield,KAFKA,Performance & Optimization,"Latency optimization. acks, linger.ms, batch.size trade-offs?",,,,,,,,,,,,
High Yield,KAFKA,Performance & Optimization,"Memory usage tuning. buffer.memory, fetch.max.bytes?",,,,,,,,,,,,
High Yield,KAFKA,Performance & Optimization,"CPU optimization. Compression algorithms, serialization?",,,,,,,,,,,,
High Yield,KAFKA,Performance & Optimization,"Disk I/O optimization. Segment size, flush intervals?",,,,,,,,,,,,
High Yield,KAFKA,Performance & Optimization,"Network optimization. Compression, batch size, partition count?",,,,,,,,,,,,
High Yield,KAFKA,Performance & Optimization,Consumer lag monitoring. Alerting thresholds?,,,,,,,,,,,,
High Yield,KAFKA,Performance & Optimization,"Broker performance tuning. num.network.threads, num.io.threads?",,,,,,,,,,,,
High Yield,KAFKA,Performance & Optimization,"JVM tuning for Kafka. Heap size, GC settings?",,,,,,,,,,,,
High Yield,KAFKA,Performance & Optimization,Log cleanup performance. log.cleanup.policy impact?,,,,,,,,,,,,
High Yield,KAFKA,Monitoring & Operations,"JMX metrics. Producer, consumer, broker metrics?",,,,,,,,,,,,
High Yield,KAFKA,Monitoring & Operations,Lag monitoring. Consumer lag per partition?,,,,,,,,,,,,
High Yield,KAFKA,Monitoring & Operations,"Broker metrics. ISR shrinkage, under-replicated partitions?",,,,,,,,,,,,
High Yield,KAFKA,Monitoring & Operations,Alerting strategy. Critical metrics?,,,,,,,,,,,,
High Yield,KAFKA,Monitoring & Operations,Log analysis. Error patterns in Kafka logs?,,,,,,,,,,,,
High Yield,KAFKA,Monitoring & Operations,"Cluster health checks. Leader elections, controller issues?",,,,,,,,,,,,
High Yield,KAFKA,Monitoring & Operations,"Capacity planning. Disk space, network, CPU forecasting?",,,,,,,,,,,,
High Yield,KAFKA,Monitoring & Operations,Rolling updates. Zero-downtime broker upgrades?,,,,,,,,,,,,
High Yield,KAFKA,Monitoring & Operations,"Scaling brokers. Adding brokers, leadership distribution?",,,,,,,,,,,,
High Yield,KAFKA,Monitoring & Operations,Decommissioning brokers. Data migration?,,,,,,,,,,,,
High Yield,KAFKA,Kafka Streams,Stream vs KStream vs KTable vs GlobalKTable?,,,,,,,,,,,,
High Yield,KAFKA,Kafka Streams,"Stateless operations: map, filter, branch?",,,,,,,,,,,,
High Yield,KAFKA,Kafka Streams,"Stateful operations: aggregate, reduce. State store?",,,,,,,,,,,,
High Yield,KAFKA,Kafka Streams,"Windowing: tumbling, hopping, session, grace period?",,,,,,,,,,,,
High Yield,KAFKA,Kafka Streams,"Join operations: KStream-KStream, KStream-KTable, KTable-KTable?",,,,,,,,,,,,
High Yield,KAFKA,Kafka Streams,Interactive queries. Querying state stores?,,,,,,,,,,,,
High Yield,KAFKA,Kafka Streams,Exactly-once processing. Transactional state store updates?,,,,,,,,,,,,
High Yield,KAFKA,Kafka Streams,Stream topology. Parallelism vs DAG structure?,,,,,,,,,,,,
High Yield,KAFKA,Kafka Streams,Processor API vs DSL. When each?,,,,,,,,,,,,
High Yield,KAFKA,Kafka Streams,Custom processors. Stateful processors?,,,,,,,,,,,,
High Yield,KAFKA,Kafka Streams,Reprocessing. Resetting application state?,,,,,,,,,,,,
High Yield,KAFKA,Kafka Streams,Changelog topics. Restore from failure?,,,,,,,,,,,,
High Yield,KAFKA,Schema & Data Governance,"Confluent Schema Registry. Schema versioning, compatibility?",,,,,,,,,,,,
High Yield,KAFKA,Schema & Data Governance,"Compatibility modes: backward, forward, full, transitive?",,,,,,,,,,,,
High Yield,KAFKA,Schema & Data Governance,Avro schema evolution. Breaking changes?,,,,,,,,,,,,
High Yield,KAFKA,Schema & Data Governance,Subject naming strategies. TopicNameStrategy vs RecordNameStrategy?,,,,,,,,,,,,
High Yield,KAFKA,Schema & Data Governance,Schema validation at producer level. Enforcement?,,,,,,,,,,,,
High Yield,KAFKA,Schema & Data Governance,Default values in schema. Evolution strategy?,,,,,,,,,,,,
High Yield,KAFKA,Schema & Data Governance,Protobuf vs Avro vs JSON Schema. When each?,,,,,,,,,,,,
High Yield,KAFKA,Schema & Data Governance,Data lineage. Schema-driven data governance?,,,,,,,,,,,,
High Yield,KAFKA,Multi-Tenancy & Security,Multi-tenancy patterns. Shared cluster vs dedicated clusters?,,,,,,,,,,,,
High Yield,KAFKA,Multi-Tenancy & Security,Topic isolation. RBAC (Role-Based Access Control)?,,,,,,,,,,,,
High Yield,KAFKA,Multi-Tenancy & Security,SASL authentication. PLAIN vs SCRAM vs OAUTHBEARER?,,,,,,,,,,,,
High Yield,KAFKA,Multi-Tenancy & Security,"mTLS encryption. Broker-to-broker, client-to-broker?",,,,,,,,,,,,
High Yield,KAFKA,Multi-Tenancy & Security,Authorization. ACL (Access Control List) management?,,,,,,,,,,,,
High Yield,KAFKA,Multi-Tenancy & Security,Inter-broker communication security. security.protocol?,,,,,,,,,,,,
High Yield,KAFKA,Multi-Tenancy & Security,Audit logging. Who accessed what topic?,,,,,,,,,,,,
High Yield,KAFKA,Multi-Tenancy & Security,Data encryption at rest. Transparent data encryption?,,,,,,,,,,,,
High Yield,KAFKA,Multi-Tenancy & Security,Key management service (KMS) integration?,,,,,,,,,,,,
High Yield,KAFKA,Disaster Recovery & HA,Backup strategy. Broker failure recovery?,,,,,,,,,,,,
High Yield,KAFKA,Disaster Recovery & HA,Replication quorum. Fault tolerance formula?,,,,,,,,,,,,
High Yield,KAFKA,Disaster Recovery & HA,Unclean leader election. Data loss vs availability trade-off?,,,,,,,,,,,,
High Yield,KAFKA,Disaster Recovery & HA,Controller failure. Recovery mechanism?,,,,,,,,,,,,
High Yield,KAFKA,Disaster Recovery & HA,Cluster failover. Multi-region setup?,,,,,,,,,,,,
High Yield,KAFKA,Disaster Recovery & HA,Data replication cross-region. Mirroring tools?,,,,,,,,,,,,
High Yield,KAFKA,Disaster Recovery & HA,MirrorMaker. Topic replication to secondary cluster?,,,,,,,,,,,,
High Yield,KAFKA,Disaster Recovery & HA,RTO & RPO. Recovery objectives for production?,,,,,,,,,,,,
High Yield,KAFKA,Disaster Recovery & HA,Chaos engineering. Failure simulation?,,,,,,,,,,,,
High Yield,KAFKA,Integration Patterns,CDC (Change Data Capture). Capturing database changes to Kafka?,,,,,,,,,,,,
High Yield,KAFKA,Integration Patterns,Debezium connectors. Real-time data sync?,,,,,,,,,,,,
High Yield,KAFKA,Integration Patterns,"Kafka Connect. Connector framework, transformations?",,,,,,,,,,,,
High Yield,KAFKA,Integration Patterns,Source connectors. Data ingestion into Kafka?,,,,,,,,,,,,
High Yield,KAFKA,Integration Patterns,Sink connectors. Kafka to external systems?,,,,,,,,,,,,
High Yield,KAFKA,Integration Patterns,Exactly-once delivery connectors. Idempotent sinks?,,,,,,,,,,,,
High Yield,KAFKA,Integration Patterns,SMTs (Single Message Transforms). Data transformation?,,,,,,,,,,,,
High Yield,KAFKA,Integration Patterns,"Distributed connect cluster. Scaling, high availability?",,,,,,,,,,,,
